{"type":"FeatureCollection","features":[{"type":"Feature","id":"874899636","geometry":{"type":"Point","coordinates":[110.260387,-7.660423]},"properties":{"dataset":"umkm","name":"Depot isi ulang air minum RO Slanden","subtitle":"Depot isi ulang air minum RO","padukuhan":"Slanden","address":"Padukuhan Slanden, RT 16 RW 8","facets":["Lainnya"],"details":[{"label":"Pemilik","value":"Robertus Lambang Utama"},{"label":"Keterangan","value":"Isi ulang air minum"}],"phone":null,"photos":["/photos/umkm/874899636-depan.webp","/photos/umkm/874899636-samping.webp"],"gpsPrecision":4.93}},{"type":"Feature","id":"874928566","geometry":{"type":"Point","coordinates":[110.260713,-7.660495]},"properties":{"dataset":"umkm","name":"Toko Astuti","subtitle":"Toko Kelontong","padukuhan":"Slanden","address":"Padukuhan Slanden, RT 16 RW 8","facets":["Toko Kelontong"],"details":[{"label":"Pemilik","value":"Saryoto"},{"label":"Keterangan","value":"Jual aneka sembako.\nBuka jam 11.00-22.00"}],"phone":null,"photos":["/photos/umkm/874928566-depan.webp","/photos/umkm/874928566-samping.webp"],"gpsPrecision":4.466}},{"type":"Feature","id":"874929352","geometry":{"type":"Point","coordinates":[110.260545,-7.660658]},"properties":{"dataset":"umkm","name":"Warung Mbah Sum","subtitle":"Toko Kelontong","padukuhan":"Slanden","address":"Padukuhan Slanden, RT 16 RW 8","facets":["Toko Kelontong"],"details":[{"label":"Pemilik","value":"MM. Sumirah"}],"phone":null,"photos":["/photos/umkm/874929352-depan.webp","/photos/umkm/874929352-samping.webp"],"gpsPrecision":3.7}},{"type":"Feature","id":"874929410","geometry":{"type":"Point","coordinates":[110.260587,-7.660569]},"properties":{"dataset":"umkm","name":"Kaeza Catering/Dapur Celin","subtitle":"Kuliner","padukuhan":"Slanden","address":"Padukuhan Slanden, RT 16 RW 8","facets":["Kuliner"],"details":[{"label":"Pemilik","value":"Celin Karyati"},{"label":"Keterangan","value":"Catering"},{"label":"Sertifikat halal","value":"ID34410023758470725"}],"phone":"081393990828","photos":["/photos/umkm/874929410-depan.webp","/photos/umkm/874929410-samping.webp"],"gpsPrecision":4.028}},{"type":"Feature","id":"874929444","geometry":{"type":"Point","coordinates":[110.260748,-7.660594]},"properties":{"dataset":"umkm","name":"Kedai gorengan Sekar family","subtitle":"Kuliner","padukuhan":"Slanden","address":"Padukuhan Slanden, RT 16 RW 8","facets":["Kuliner"],"details":[{"label":"Pemilik","value":"Sekar Sari nur widyastuti"},{"label":"Keterangan","value":"Jual aneka gorengan dan kopi"}],"phone":"087738314079","photos":["/photos/umkm/874929444-depan.webp","/photos/umkm/874929444-samping.webp"],"gpsPrecision":4.323}},{"type":"Feature","id":"874929489","geometry":{"type":"Point","coordinates":[110.260705,-7.660373]},"properties":{"dataset":"umkm","name":"Adiba's kitchen & snack","subtitle":"Kuliner","padukuhan":"Slanden","address":"Padukuhan Slanden, RT 16 RW 8","facets":["Kuliner"],"details":[{"label":"Pemilik","value":"Nurussatik"},{"label":"Keterangan","value":"Jual aneka macam Snack dan catering"}],"phone":"087851820689","photos":["/photos/umkm/874929489-depan.webp","/photos/umkm/874929489-samping.webp"],"gpsPrecision":4.78}},{"type":"Feature","id":"875621134","geometry":{"type":"Point","coordinates":[110.217902,-7.661134]},"properties":{"dataset":"umkm","name":"Ariz cell","subtitle":"Toko Kelontong","padukuhan":"Tanjung","address":"Padukuhan Tanjung, RT 56 RW 27","facets":["Toko Kelontong"],"details":[{"label":"Pemilik","value":"Aris subagyo"},{"label":"Keterangan","value":"Jual kebutuhan rumah tangga dan konter"}],"phone":null,"photos":["/photos/umkm/875621134-depan.webp","/photos/umkm/875621134-samping.webp","/photos/umkm/875621134-lainnya.webp"],"gpsPrecision":4.204}},{"type":"Feature","id":"875643263","geometry":{"type":"Point","coordinates":[110.247135,-7.665239]},"properties":{"dataset":"umkm","name":"Madu samsul","subtitle":"Madu","padukuhan":"Semawung","address":"Padukuhan Semawung, RT 70 RW 34","facets":["Lainnya"],"details":[{"label":"Pemilik","value":"Samsul Huda"},{"label":"Sertifikat halal","value":"1034110001709600323"}],"phone":"081328779976","photos":["/photos/umkm/875643263-depan.webp","/photos/umkm/875643263-samping.webp"],"gpsPrecision":5}},{"type":"Feature","id":"875643369","geometry":{"type":"Point","coordinates":[110.248159,-7.664014]},"properties":{"dataset":"umkm","name":"Tukang pijat","subtitle":"Jasa","padukuhan":"Semawung","address":"Padukuhan Semawung, RT 70 RW 34","facets":["Jasa"],"details":[{"label":"Pemilik","value":"Damroni"}],"phone":null,"photos":["/photos/umkm/875643369-depan.webp","/photos/umkm/875643369-samping.webp"],"gpsPrecision":4.934}},{"type":"Feature","id":"875643458","geometry":{"type":"Point","coordinates":[110.246223,-7.664822]},"properties":{"dataset":"umkm","name":"Warung arsyaka","subtitle":"Toko Kelontong","padukuhan":"Semawung","address":"Padukuhan Semawung, RT 70 RW 34","facets":["Toko Kelontong"],"details":[{"label":"Pemilik","value":"Sulastri"},{"label":"Keterangan","value":"Sembako"}],"phone":null,"photos":["/photos/umkm/875643458-depan.webp","/photos/umkm/875643458-samping.webp"],"gpsPrecision":3.81}},{"type":"Feature","id":"875663093","geometry":{"type":"Point","coordinates":[110.252,-7.644862]},"properties":{"dataset":"umkm","name":"JM Cell","subtitle":"Konter","padukuhan":"Beji","address":"Padukuhan Beji, RT 35 RW 17","facets":["Konter"],"details":[{"label":"Pemilik","value":"BUANA"},{"label":"Keterangan","value":"Counter"}],"phone":"085713544744","photos":["/photos/umkm/875663093-depan.webp","/photos/umkm/875663093-samping.webp"],"gpsPrecision":3.9}},{"type":"Feature","id":"875663102","geometry":{"type":"Point","coordinates":[110.251859,-7.644683]},"properties":{"dataset":"umkm","name":"Warung Kelontong","subtitle":"Toko Kelontong","padukuhan":"Beji","address":"Padukuhan Beji, RT 35 RW 17","facets":["Toko Kelontong"],"details":[{"label":"Pemilik","value":"Muhammad Tobroni"},{"label":"Keterangan","value":"Toko Kelontong"}],"phone":"081226986743","photos":["/photos/umkm/875663102-depan.webp","/photos/umkm/875663102-samping.webp"],"gpsPrecision":4.243}},{"type":"Feature","id":"875663112","geometry":{"type":"Point","coordinates":[110.251859,-7.644665]},"properties":{"dataset":"umkm","name":"Pengepul Hasil Bumi","subtitle":"Pengepul / Penjual Hasil Kebun","padukuhan":"Beji","address":"Padukuhan Beji, RT 35 RW 17","facets":["Pengepul / Penjual Hasil Kebun"],"details":[{"label":"Pemilik","value":"Muhamad Tobroni"},{"label":"Produk","value":"Kakao, Cengkeh, Kapulogo, Cabai Jawa, Temulak Kering"},{"label":"Keterangan","value":"PENGEPUL HASIL BUMI"}],"phone":"081226986743","photos":["/photos/umkm/875663112-depan.webp","/photos/umkm/875663112-samping.webp"],"gpsPrecision":4.479}},{"type":"Feature","id":"875663159","geometry":{"type":"Point","coordinates":[110.252107,-7.644877]},"properties":{"dataset":"umkm","name":"Warung Mbak Rini","subtitle":"Kuliner","padukuhan":"Beji","address":"Padukuhan Beji, RT 35 RW 17","facets":["Kuliner"],"details":[{"label":"Pemilik","value":"Mbak Rini Soto"},{"label":"Keterangan","value":"Gorengan, Soto, Lotek, Bakso"}],"phone":"085123865588","photos":["/photos/umkm/875663159-depan.webp","/photos/umkm/875663159-samping.webp"],"gpsPrecision":4.1}},{"type":"Feature","id":"875663171","geometry":{"type":"Point","coordinates":[110.252172,-7.644824]},"properties":{"dataset":"umkm","name":"Warung Pecel Lele Mbak Pur\nWarung Soto Mbak Pur","subtitle":"Kuliner","padukuhan":"Beji","address":"Padukuhan Beji, RT 35 RW 17","facets":["Kuliner"],"details":[{"label":"Pemilik","value":"Mbak Pur"},{"label":"Keterangan","value":"Soto, Gorengan , Pecel Lele"}],"phone":"0882003592641","photos":["/photos/umkm/875663171-depan.webp","/photos/umkm/875663171-samping.webp"],"gpsPrecision":4.45}},{"type":"Feature","id":"875663187","geometry":{"type":"Point","coordinates":[110.251784,-7.644767]},"properties":{"dataset":"umkm","name":"Isti Anifatun","subtitle":"Penggilingan Padi","padukuhan":"Beji","address":"Padukuhan Beji, RT 35 RW 17","facets":["Lainnya"],"details":[{"label":"Pemilik","value":"Isti Anifatun"},{"label":"Keterangan","value":"Penggilingan Padi"}],"phone":"083839062342","photos":["/photos/umkm/875663187-depan.webp","/photos/umkm/875663187-samping.webp"],"gpsPrecision":4.71}},{"type":"Feature","id":"875663223","geometry":{"type":"Point","coordinates":[110.252126,-7.644606]},"properties":{"dataset":"umkm","name":"Kios Bariklana","subtitle":"Toko Fashion","padukuhan":"Beji","address":"Padukuhan Beji, RT 35 RW 17","facets":["Lainnya"],"details":[{"label":"Pemilik","value":"Muhammad Najib"},{"label":"Keterangan","value":"Toko Fashion dari peralatan bayi sampai peralatan orang meninggal, sepatu, sandal ,tas"}],"phone":"081215007051","photos":["/photos/umkm/875663223-depan.webp","/photos/umkm/875663223-samping.webp"],"gpsPrecision":4.4}},{"type":"Feature","id":"875663237","geometry":{"type":"Point","coordinates":[110.251934,-7.644609]},"properties":{"dataset":"umkm","name":"Foto Copy Anak Ayam","subtitle":"Foto Copy","padukuhan":"Beji","address":"Padukuhan Beji, RT 35 RW 17","facets":["Lainnya"],"details":[{"label":"Pemilik","value":"Lahna Khuluqul Barlinty"},{"label":"Keterangan","value":"Foto Copy dan Peralatan Sekolah"}],"phone":"083176565150","photos":["/photos/umkm/875663237-depan.webp","/photos/umkm/875663237-samping.webp"],"gpsPrecision":4.88}},{"type":"Feature","id":"875663251","geometry":{"type":"Point","coordinates":[110.252064,-7.64404]},"properties":{"dataset":"umkm","name":"Angkringan Mbak Dwi","subtitle":"Kuliner","padukuhan":"Beji","address":"Padukuhan Beji, RT 35 RW 17","facets":["Kuliner"],"details":[{"label":"Pemilik","value":"Dwi Arti"},{"label":"Keterangan","value":"Nasi Rames , Gorengan"}],"phone":"083105048076","photos":["/photos/umkm/875663251-depan.webp","/photos/umkm/875663251-samping.webp"],"gpsPrecision":5}},{"type":"Feature","id":"875663268","geometry":{"type":"Point","coordinates":[110.251998,-7.64404]},"properties":{"dataset":"umkm","name":"Warung Bu Anifah","subtitle":"Pengepul / Penjual Hasil Kebun","padukuhan":"Beji","address":"Padukuhan Beji, RT 35 RW 17","facets":["Pengepul / Penjual Hasil Kebun"],"details":[{"label":"Pemilik","value":"Bu Anifah"},{"label":"Produk","value":"Gula Jawa, Nasi Kering, Jahe Kemiri, Kunir dan hasil bumi lainnya"},{"label":"Keterangan","value":"Pengepul Hasil Bumi"}],"phone":"088229565506","photos":["/photos/umkm/875663268-depan.webp","/photos/umkm/875663268-samping.webp"],"gpsPrecision":4.818}},{"type":"Feature","id":"875663280","geometry":{"type":"Point","coordinates":[110.251874,-7.643894]},"properties":{"dataset":"umkm","name":"Warung Bu Parinten","subtitle":"Toko Kelontong","padukuhan":"Beji","address":"Padukuhan Beji, RT 35 RW 17","facets":["Toko Kelontong"],"details":[{"label":"Pemilik","value":"Parinten"},{"label":"Keterangan","value":"Toko Kelontong"}],"phone":"088902988686","photos":["/photos/umkm/875663280-depan.webp","/photos/umkm/875663280-samping.webp"],"gpsPrecision":4.803}},{"type":"Feature","id":"875663292","geometry":{"type":"Point","coordinates":[110.252412,-7.644837]},"properties":{"dataset":"umkm","name":"Warung Mbak Yati","subtitle":"Kuliner","padukuhan":"Beji","address":"Padukuhan Beji, RT 35 RW 17","facets":["Kuliner"],"details":[{"label":"Pemilik","value":"Mbak Yati"},{"label":"Keterangan","value":"Nasi Rames, Gorengan, Soto, Lesah"}],"phone":"087738100862","photos":["/photos/umkm/875663292-depan.webp","/photos/umkm/875663292-samping.webp"],"gpsPrecision":4.5}},{"type":"Feature","id":"875695883","geometry":{"type":"Point","coordinates":[110.234146,-7.659001]},"properties":{"dataset":"umkm","name":"Warung Wahyu","subtitle":"Toko Kelontong","padukuhan":"Tonogoro","address":"Padukuhan Tonogoro, RT 76 RW 36","facets":["Toko Kelontong"],"details":[{"label":"Pemilik","value":"Robiati"},{"label":"Keterangan","value":"Aneka minuman dan makanan ringan"}],"phone":null,"photos":["/photos/umkm/875695883-depan.webp","/photos/umkm/875695883-samping.webp"],"gpsPrecision":4.931}},{"type":"Feature","id":"875696594","geometry":{"type":"Point","coordinates":[110.234202,-7.658974]},"properties":{"dataset":"umkm","name":"Toko miftah","subtitle":"Toko Kelontong","padukuhan":"Tonogoro","address":"Padukuhan Tonogoro, RT 76 RW 78","facets":["Toko Kelontong"],"details":[{"label":"Pemilik","value":"Mifakhul nur wakid"},{"label":"Keterangan","value":"Aneka minuman dan makanan ringan"}],"phone":null,"photos":["/photos/umkm/875696594-depan.webp","/photos/umkm/875696594-samping.webp"],"gpsPrecision":4.849}},{"type":"Feature","id":"875722145","geometry":{"type":"Point","coordinates":[110.254513,-7.670212]},"properties":{"dataset":"umkm","name":"Al zain","subtitle":"Rumah Produksi","padukuhan":"Pantog Kulon","address":"Padukuhan Pantog Kulon, RT 7 RW 4","facets":["Rumah Produksi"],"details":[{"label":"Pemilik","value":"Rina Oktavia"},{"label":"Produk","value":"Madu, vco, minyak krecengan"},{"label":"Keterangan","value":"Produksi madu lanceng dan lebah\nProduksi vco \nMinyak krencengan dan blendo kelapa \nDijual secara online"},{"label":"Nomor PIRT","value":"Madu 2093401050675-24\nVco 2073401030675-24\nMinyak krenceng 2073401020675-24"},{"label":"Sertifikat halal","value":"Minyak kelapa ID 34110020933161224\nMadu ID 34110000019911220"}],"phone":"085643858364","photos":["/photos/umkm/875722145-depan.webp","/photos/umkm/875722145-samping.webp","/photos/umkm/875722145-lainnya.webp"],"gpsPrecision":4.983}},{"type":"Feature","id":"875722505","geometry":{"type":"Point","coordinates":[110.251599,-7.667187]},"properties":{"dataset":"umkm","name":"Gula Jawa Bu ngatini","subtitle":"Rumah Produksi","padukuhan":"Pantog Kulon","address":"Padukuhan Pantog Kulon, RT 8 RW 4","facets":["Rumah Produksi"],"details":[{"label":"Pemilik","value":"Ngatini"},{"label":"Produk","value":"Gula Jawa"}],"phone":null,"photos":["/photos/umkm/875722505-depan.webp","/photos/umkm/875722505-samping.webp","/photos/umkm/875722505-lainnya.webp"],"gpsPrecision":4.704}},{"type":"Feature","id":"875722523","geometry":{"type":"Point","coordinates":[110.251406,-7.667401]},"properties":{"dataset":"umkm","name":"Bata merah BPK dalhuri","subtitle":"Rumah Produksi","padukuhan":"Pantog Kulon","address":"Padukuhan Pantog Kulon, RT 8 RW 4","facets":["Rumah Produksi"],"details":[{"label":"Pemilik","value":"Dalhuri"},{"label":"Produk","value":"Gerabah"},{"label":"Keterangan","value":"Rumah produksi bata merah dan genting"}],"phone":"083136322269","photos":["/photos/umkm/875722523-depan.webp","/photos/umkm/875722523-samping.webp","/photos/umkm/875722523-lainnya.webp"],"gpsPrecision":4.196}},{"type":"Feature","id":"875722542","geometry":{"type":"Point","coordinates":[110.250983,-7.667503]},"properties":{"dataset":"umkm","name":"Gula Jawa Bu Nurul Hidayati","subtitle":"Rumah Produksi","padukuhan":"Pantog Kulon","address":"Padukuhan Pantog Kulon, RT 8 RW 4","facets":["Rumah Produksi"],"details":[{"label":"Pemilik","value":"Nurul Hidayati"},{"label":"Produk","value":"Gula Jawa"},{"label":"Keterangan","value":"Gula jawa"}],"phone":"083146624069","photos":["/photos/umkm/875722542-depan.webp","/photos/umkm/875722542-samping.webp"],"gpsPrecision":4.918}},{"type":"Feature","id":"875722557","geometry":{"type":"Point","coordinates":[110.25219,-7.6673]},"properties":{"dataset":"umkm","name":"Gula Jawa Bu yatinem","subtitle":"Rumah Produksi","padukuhan":"Pantog Kulon","address":"Padukuhan Pantog Kulon, RT 8 RW 4","facets":["Rumah Produksi"],"details":[{"label":"Pemilik","value":"Yatinem"},{"label":"Produk","value":"Gula Jawa"},{"label":"Keterangan","value":"Gula Jawa"}],"phone":null,"photos":["/photos/umkm/875722557-depan.webp","/photos/umkm/875722557-samping.webp","/photos/umkm/875722557-lainnya.webp"],"gpsPrecision":4.283}},{"type":"Feature","id":"875722569","geometry":{"type":"Point","coordinates":[110.252838,-7.667123]},"properties":{"dataset":"umkm","name":"Vco Bu dariyah","subtitle":"Rumah Produksi","padukuhan":"Pantog Kulon","address":"Padukuhan Pantog Kulon, RT 8 RW 4","facets":["Rumah Produksi"],"details":[{"label":"Pemilik","value":"Dariyah"},{"label":"Produk","value":"Vco"},{"label":"Keterangan","value":"Vco"}],"phone":null,"photos":["/photos/umkm/875722569-depan.webp","/photos/umkm/875722569-samping.webp","/photos/umkm/875722569-lainnya.webp"],"gpsPrecision":4.3}},{"type":"Feature","id":"875722590","geometry":{"type":"Point","coordinates":[110.251684,-7.667037]},"properties":{"dataset":"umkm","name":"Agen gas elpiji","subtitle":"Jasa","padukuhan":"Pantog Kulon","address":"Padukuhan Pantog Kulon, RT 8 RW 4","facets":["Jasa"],"details":[{"label":"Pemilik","value":"Imron Yulianto"},{"label":"Keterangan","value":"Pangkalan gas elpiji 3 kg"}],"phone":"081390788280","photos":["/photos/umkm/875722590-depan.webp","/photos/umkm/875722590-samping.webp","/photos/umkm/875722590-lainnya.webp"],"gpsPrecision":4.146}},{"type":"Feature","id":"875726227","geometry":{"type":"Point","coordinates":[110.253655,-7.668525]},"properties":{"dataset":"umkm","name":"Kopra kelapa","subtitle":"Rumah Produksi","padukuhan":"Pantog Kulon","address":"Padukuhan Pantog Kulon, RT 7 RW 4","facets":["Rumah Produksi"],"details":[{"label":"Pemilik","value":"Siti Istiqomah"},{"label":"Produk","value":"Kopra"},{"label":"Keterangan","value":"Kopra kelapa"}],"phone":"083854957083","photos":["/photos/umkm/875726227-depan.webp","/photos/umkm/875726227-samping.webp"],"gpsPrecision":4.988}},{"type":"Feature","id":"875906844","geometry":{"type":"Point","coordinates":[110.224006,-7.652585]},"properties":{"dataset":"umkm","name":"Gula jawa pak kasindi","subtitle":"Rumah Produksi","padukuhan":"Plengan","address":"Padukuhan Plengan, RT 46 RW 22","facets":["Rumah Produksi"],"details":[{"label":"Pemilik","value":"Sutijah"},{"label":"Produk","value":"Gula Jawa"}],"phone":null,"photos":["/photos/umkm/875906844-depan.webp","/photos/umkm/875906844-samping.webp","/photos/umkm/875906844-lainnya.webp"],"gpsPrecision":4.933}},{"type":"Feature","id":"875906875","geometry":{"type":"Point","coordinates":[110.223729,-7.652686]},"properties":{"dataset":"umkm","name":"Slondok bu Tanti","subtitle":"Rumah Produksi","padukuhan":"Plengan","address":"Padukuhan Plengan, RT 46 RW 22","facets":["Rumah Produksi"],"details":[{"label":"Pemilik","value":"Dhanang"},{"label":"Produk","value":"Slondok"},{"label":"Keterangan","value":"Produksi slondok di jual di pasar jagalan dan dekso"}],"phone":"081213866426","photos":["/photos/umkm/875906875-depan.webp","/photos/umkm/875906875-samping.webp","/photos/umkm/875906875-lainnya.webp"],"gpsPrecision":4.937}},{"type":"Feature","id":"875906917","geometry":{"type":"Point","coordinates":[110.224046,-7.652551]},"properties":{"dataset":"umkm","name":"Slondok pak trisno","subtitle":"Rumah Produksi","padukuhan":"Plengan","address":"Padukuhan Plengan, RT 46 RW 22","facets":["Rumah Produksi"],"details":[{"label":"Pemilik","value":"Sutrisno"},{"label":"Produk","value":"Slondok"},{"label":"Keterangan","value":"Produksi slondok dijual di pasar nanggulan"}],"phone":"081902502243","photos":["/photos/umkm/875906917-depan.webp","/photos/umkm/875906917-samping.webp","/photos/umkm/875906917-lainnya.webp"],"gpsPrecision":4.878}},{"type":"Feature","id":"875906951","geometry":{"type":"Point","coordinates":[110.222373,-7.648917]},"properties":{"dataset":"umkm","name":"Toko mak Tonah","subtitle":"Toko Kelontong","padukuhan":"Plengan","address":"Padukuhan Plengan, RT 46 RW 22","facets":["Toko Kelontong"],"details":[{"label":"Pemilik","value":"Tonah"},{"label":"Keterangan","value":"Toko kelontong dan alat listrik"}],"phone":"081233525385","photos":["/photos/umkm/875906951-depan.webp","/photos/umkm/875906951-samping.webp","/photos/umkm/875906951-lainnya.webp"],"gpsPrecision":5.5}},{"type":"Feature","id":"875907035","geometry":{"type":"Point","coordinates":[110.225833,-7.649534]},"properties":{"dataset":"umkm","name":"Warung bu yayuk","subtitle":"Kuliner","padukuhan":"Plengan","address":"Padukuhan Plengan, RT 46 RW 22","facets":["Kuliner"],"details":[{"label":"Pemilik","value":"Yayuk winarsih"},{"label":"Keterangan","value":"Warung angkringan"}],"phone":null,"photos":["/photos/umkm/875907035-depan.webp","/photos/umkm/875907035-samping.webp"],"gpsPrecision":4.951}},{"type":"Feature","id":"875912960","geometry":{"type":"Point","coordinates":[110.261157,-7.661283]},"properties":{"dataset":"umkm","name":"Warung nJambu","subtitle":"Toko Kelontong","padukuhan":"Slanden","address":"Padukuhan Slanden, RT 16 RW 8","facets":["Toko Kelontong"],"details":[{"label":"Pemilik","value":"Doni kurniawan"},{"label":"Keterangan","value":"Jual Aneka sembako\nBukan jam 05.00 - 19.00"}],"phone":null,"photos":["/photos/umkm/875912960-depan.webp","/photos/umkm/875912960-samping.webp"],"gpsPrecision":3.85}},{"type":"Feature","id":"875913025","geometry":{"type":"Point","coordinates":[110.261196,-7.661445]},"properties":{"dataset":"umkm","name":"Murakabana furniture","subtitle":"Jasa","padukuhan":"Slanden","address":"Padukuhan Slanden, RT 16 RW 8","facets":["Jasa"],"details":[{"label":"Pemilik","value":"Ignatius Putra Dwi Ongko"},{"label":"Keterangan","value":"Menerima pesanan aneka macam Meuble"}],"phone":"085701065550","photos":["/photos/umkm/875913025-depan.webp","/photos/umkm/875913025-samping.webp","/photos/umkm/875913025-lainnya.webp"],"gpsPrecision":4.985}},{"type":"Feature","id":"875913098","geometry":{"type":"Point","coordinates":[110.261241,-7.661455]},"properties":{"dataset":"umkm","name":"Angkringan N'jambu","subtitle":"Kuliner","padukuhan":"Slanden","address":"Padukuhan Slanden, RT 16 RW 8","facets":["Kuliner"],"details":[{"label":"Pemilik","value":"Celin Karyati"},{"label":"Keterangan","value":"Jual es teh jumbo dan aneka minuman , nasi kucing dan aneka sate-satean"}],"phone":"081393990828","photos":["/photos/umkm/875913098-depan.webp","/photos/umkm/875913098-samping.webp","/photos/umkm/875913098-lainnya.webp"],"gpsPrecision":4.397}},{"type":"Feature","id":"875913184","geometry":{"type":"Point","coordinates":[110.260672,-7.661083]},"properties":{"dataset":"umkm","name":"Qalitza Trans","subtitle":"Jasa","padukuhan":"Slanden","address":"Padukuhan Slanden, RT 16 RW 8","facets":["Jasa"],"details":[{"label":"Pemilik","value":"Sungkono"},{"label":"Keterangan","value":"Melayani angkutan barang dan penumpang.\nMenerima pesanan segala macam material seperti pasir, batu, split, batako, paving, dll"}],"phone":"085700183140","photos":["/photos/umkm/875913184-depan.webp","/photos/umkm/875913184-samping.webp","/photos/umkm/875913184-lainnya.webp"],"gpsPrecision":4.8}},{"type":"Feature","id":"875913268","geometry":{"type":"Point","coordinates":[110.261594,-7.662052]},"properties":{"dataset":"umkm","name":"Lotek Mak Tum","subtitle":"Kuliner","padukuhan":"Slanden","address":"Padukuhan Slanden, RT 16 RW 8","facets":["Kuliner"],"details":[{"label":"Pemilik","value":"Tuminah"},{"label":"Keterangan","value":"Jual Lothek"}],"phone":"088232442025","photos":["/photos/umkm/875913268-depan.webp","/photos/umkm/875913268-samping.webp","/photos/umkm/875913268-lainnya.webp"],"gpsPrecision":3.322}},{"type":"Feature","id":"875913330","geometry":{"type":"Point","coordinates":[110.261777,-7.66216]},"properties":{"dataset":"umkm","name":"Mie ayam & Bakso Pak Nur","subtitle":"Kuliner","padukuhan":"Slanden","address":"Padukuhan Slanden, RT 16 RW 8","facets":["Kuliner"],"details":[{"label":"Pemilik","value":"Nur Rohman"},{"label":"Keterangan","value":"Jual mie ayam, bakso, pecel lele, pecel ayam\nBuka jam 08.00-23.00"}],"phone":"0882007245801","photos":["/photos/umkm/875913330-depan.webp","/photos/umkm/875913330-samping.webp","/photos/umkm/875913330-lainnya.webp"],"gpsPrecision":4.1}},{"type":"Feature","id":"875913458","geometry":{"type":"Point","coordinates":[110.26162,-7.662127]},"properties":{"dataset":"umkm","name":"Warung Galih","subtitle":"Toko Kelontong","padukuhan":"Slanden","address":"Padukuhan Slanden, RT 16 RW 8","facets":["Toko Kelontong"],"details":[{"label":"Pemilik","value":"Istianah"},{"label":"Keterangan","value":"Jual sembako"}],"phone":null,"photos":["/photos/umkm/875913458-depan.webp","/photos/umkm/875913458-samping.webp","/photos/umkm/875913458-lainnya.webp"],"gpsPrecision":3.3}},{"type":"Feature","id":"875913533","geometry":{"type":"Point","coordinates":[110.261503,-7.662228]},"properties":{"dataset":"umkm","name":"Warung Galih","subtitle":"Jasa","padukuhan":"Slanden","address":"Padukuhan Slanden, RT 16 RW 8","facets":["Jasa"],"details":[{"label":"Pemilik","value":"Istianah"},{"label":"Keterangan","value":"Melayani jasa setrika pakaian"}],"phone":null,"photos":["/photos/umkm/875913533-depan.webp","/photos/umkm/875913533-samping.webp"],"gpsPrecision":4.338}},{"type":"Feature","id":"875913827","geometry":{"type":"Point","coordinates":[110.261528,-7.661997]},"properties":{"dataset":"umkm","name":"Bengkel Diqsi","subtitle":"Bengkel","padukuhan":"Slanden","address":"Padukuhan Slanden, RT 16 RW 8","facets":["Bengkel"],"details":[{"label":"Pemilik","value":"Sidik Setiadi"},{"label":"Keterangan","value":"Bengkel khusus Truk"}],"phone":"085228046223","photos":["/photos/umkm/875913827-depan.webp","/photos/umkm/875913827-samping.webp"],"gpsPrecision":4.823}},{"type":"Feature","id":"875914095","geometry":{"type":"Point","coordinates":[110.260667,-7.662014]},"properties":{"dataset":"umkm","name":"Taman Kakao Cokelat Deska","subtitle":"Rumah Produksi","padukuhan":"Slanden","address":"Padukuhan Slanden, RT 19 RW 9","facets":["Rumah Produksi"],"details":[{"label":"Pemilik","value":"Alexius Johan Salbiantoro"},{"label":"Produk","value":"Cokelat / Kakao Olahan"},{"label":"Keterangan","value":"Menjual Kakao dan olahan kakao,"},{"label":"Nomor PIRT","value":"507340101077928"},{"label":"Sertifikat halal","value":"ID 34110019816440924"}],"phone":"081328771024","photos":["/photos/umkm/875914095-depan.webp","/photos/umkm/875914095-samping.webp","/photos/umkm/875914095-lainnya.webp"],"gpsPrecision":4.995}},{"type":"Feature","id":"876117177","geometry":{"type":"Point","coordinates":[110.233895,-7.65893]},"properties":{"dataset":"umkm","name":"Witdodo bakso tusuk","subtitle":"Kuliner","padukuhan":"Tonogoro","address":"Padukuhan Tonogoro, RT 76 RW 36","facets":["Kuliner"],"details":[{"label":"Pemilik","value":"Widodo fajar hidayat"}],"phone":null,"photos":["/photos/umkm/876117177-depan.webp","/photos/umkm/876117177-samping.webp"],"gpsPrecision":4.451}},{"type":"Feature","id":"876121750","geometry":{"type":"Point","coordinates":[110.255809,-7.652612]},"properties":{"dataset":"umkm","name":"Bengkel KJM","subtitle":"Bengkel","padukuhan":"Potronalan","address":"Padukuhan Potronalan, RT 24 RW 12","facets":["Bengkel"],"details":[{"label":"Pemilik","value":"Indra Atmaka"}],"phone":"081210921385","photos":["/photos/umkm/876121750-depan.webp","/photos/umkm/876121750-samping.webp","/photos/umkm/876121750-lainnya.webp"],"gpsPrecision":4.7}},{"type":"Feature","id":"876121777","geometry":{"type":"Point","coordinates":[110.256093,-7.652582]},"properties":{"dataset":"umkm","name":"Toko Mbak Sil","subtitle":"Toko Kelontong","padukuhan":"Potronalan","address":"Padukuhan Potronalan, RT 27 RW 13","facets":["Toko Kelontong"],"details":[{"label":"Pemilik","value":"Selviyana Wijayanti"}],"phone":"085877877918","photos":["/photos/umkm/876121777-depan.webp","/photos/umkm/876121777-samping.webp"],"gpsPrecision":3.9}},{"type":"Feature","id":"876121790","geometry":{"type":"Point","coordinates":[110.256137,-7.652518]},"properties":{"dataset":"umkm","name":"Toko Mbak Ita","subtitle":"Toko Kelontong","padukuhan":"Potronalan","address":"Padukuhan Potronalan, RT 24 RW 12","facets":["Toko Kelontong"],"details":[{"label":"Pemilik","value":"Sigit Hermawan"},{"label":"Keterangan","value":"toko kelontong dan pakan ternak buka pagi sampai jam 21.00"}],"phone":"085878188532","photos":["/photos/umkm/876121790-depan.webp","/photos/umkm/876121790-samping.webp"],"gpsPrecision":4.2}},{"type":"Feature","id":"876123786","geometry":{"type":"Point","coordinates":[110.25667,-7.645508]},"properties":{"dataset":"umkm","name":"Mebel Putra Mandiri","subtitle":"Jasa","padukuhan":"Klangon","address":"Padukuhan Klangon, RT 29 RW 14","facets":["Jasa"],"details":[{"label":"Pemilik","value":"Musri"},{"label":"Keterangan","value":"Membuat pesanan perabotan rumah tangga"}],"phone":null,"photos":["/photos/umkm/876123786-depan.webp","/photos/umkm/876123786-samping.webp"],"gpsPrecision":4.966}},{"type":"Feature","id":"876123811","geometry":{"type":"Point","coordinates":[110.256917,-7.645752]},"properties":{"dataset":"umkm","name":"Grafikaloka official","subtitle":"Jasa","padukuhan":"Klangon","address":"Padukuhan Klangon, RT 29 RW 14","facets":["Jasa"],"details":[{"label":"Pemilik","value":"Rita Kristiyana Arifah"},{"label":"Keterangan","value":"Mitra shopee"}],"phone":null,"photos":["/photos/umkm/876123811-depan.webp","/photos/umkm/876123811-samping.webp"],"gpsPrecision":4.9}},{"type":"Feature","id":"876123891","geometry":{"type":"Point","coordinates":[110.257175,-7.645433]},"properties":{"dataset":"umkm","name":"Gula jawa Rohani","subtitle":"Rumah Produksi","padukuhan":"Klangon","address":"Padukuhan Klangon, RT 29 RW 14","facets":["Rumah Produksi"],"details":[{"label":"Pemilik","value":"Mat lestari"},{"label":"Produk","value":"Gula Jawa"},{"label":"Keterangan","value":"Membuat gula jawa dan dijual ke pasar atau jika ada pemesan"}],"phone":null,"photos":["/photos/umkm/876123891-depan.webp","/photos/umkm/876123891-samping.webp"],"gpsPrecision":2.05}},{"type":"Feature","id":"876123924","geometry":{"type":"Point","coordinates":[110.257681,-7.646075]},"properties":{"dataset":"umkm","name":"Tape bu Marsih","subtitle":"Rumah Produksi","padukuhan":"Klangon","address":"Padukuhan Klangon, RT 30 RW 15","facets":["Rumah Produksi"],"details":[{"label":"Pemilik","value":"Marsih"},{"label":"Produk","value":"Tape"},{"label":"Keterangan","value":"Membuat tape dijual di pasar"}],"phone":null,"photos":["/photos/umkm/876123924-depan.webp","/photos/umkm/876123924-samping.webp","/photos/umkm/876123924-lainnya.webp"],"gpsPrecision":4.35}},{"type":"Feature","id":"876134313","geometry":{"type":"Point","coordinates":[110.256013,-7.652313]},"properties":{"dataset":"umkm","name":"Angkringan Kopi Teras","subtitle":"Kuliner","padukuhan":"Potronalan","address":"Padukuhan Potronalan, RT 24 RW 12","facets":["Kuliner"],"details":[{"label":"Pemilik","value":"Yulianto"},{"label":"Keterangan","value":"Angkringan berkonsep cafe minimalis"}],"phone":"085602089011","photos":["/photos/umkm/876134313-depan.webp","/photos/umkm/876134313-samping.webp"],"gpsPrecision":3.6}},{"type":"Feature","id":"876139810","geometry":{"type":"Point","coordinates":[110.261481,-7.672228]},"properties":{"dataset":"umkm","name":"Catering yu sumi","subtitle":"Kuliner","padukuhan":"Banjaran","address":"Padukuhan Banjaran, RT 11 RW 6","facets":["Kuliner"],"details":[{"label":"Pemilik","value":"Sumiyati"},{"label":"Keterangan","value":"Aneka snack"}],"phone":null,"photos":["/photos/umkm/876139810-depan.webp","/photos/umkm/876139810-samping.webp"],"gpsPrecision":4.899}},{"type":"Feature","id":"876152441","geometry":{"type":"Point","coordinates":[110.215542,-7.64904]},"properties":{"dataset":"umkm","name":"Warung Bu Naruh","subtitle":"Toko Kelontong","padukuhan":"Duren Sawit","address":"Padukuhan Duren Sawit, RT 49 RW 24","facets":["Toko Kelontong"],"details":[{"label":"Pemilik","value":"Ibu Naruh Tri winarti"},{"label":"Keterangan","value":"Toko Kelontong Sekala kecil kebutuhan rumah tangga sehari hari"}],"phone":null,"photos":["/photos/umkm/876152441-depan.webp","/photos/umkm/876152441-samping.webp","/photos/umkm/876152441-lainnya.webp"],"gpsPrecision":2.5}},{"type":"Feature","id":"876152629","geometry":{"type":"Point","coordinates":[110.217935,-7.650578]},"properties":{"dataset":"umkm","name":"Tris Jati Lestari","subtitle":"Rumah Produksi","padukuhan":"Duren Sawit","address":"Padukuhan Duren Sawit, RT 50 RW 24","facets":["Rumah Produksi"],"details":[{"label":"Pemilik","value":"Triswiyanto"},{"label":"Produk","value":"Ukiran Kayu"},{"label":"Keterangan","value":"Ukiran kayu Benda Rohani"}],"phone":"081227960875","photos":["/photos/umkm/876152629-depan.webp","/photos/umkm/876152629-samping.webp","/photos/umkm/876152629-lainnya.webp"],"gpsPrecision":2.55}},{"type":"Feature","id":"876725280","geometry":{"type":"Point","coordinates":[110.227522,-7.669649]},"properties":{"dataset":"umkm","name":"tikno susanto","subtitle":"pembuatan mebel, peti mati dll","padukuhan":"Semagung","address":"Padukuhan Semagung, RT 63 RW 30","facets":["Lainnya"],"details":[{"label":"Pemilik","value":"Rafael Tikno susanto"}],"phone":null,"photos":["/photos/umkm/876725280-depan.webp","/photos/umkm/876725280-samping.webp"],"gpsPrecision":122.449}},{"type":"Feature","id":"876730146","geometry":{"type":"Point","coordinates":[110.260388,-7.659082]},"properties":{"dataset":"umkm","name":"Slondok Pak Siyam","subtitle":"Rumah Produksi","padukuhan":"Slanden","address":"Padukuhan Slanden, RT 16 RW 8","facets":["Rumah Produksi"],"details":[{"label":"Pemilik","value":"Siyamto"},{"label":"Produk","value":"Slondok"},{"label":"Nomor PIRT","value":"205340101112429"}],"phone":null,"photos":["/photos/umkm/876730146-depan.webp","/photos/umkm/876730146-samping.webp"],"gpsPrecision":4.579}},{"type":"Feature","id":"876730315","geometry":{"type":"Point","coordinates":[110.262383,-7.666751]},"properties":{"dataset":"umkm","name":"Slondok Bu Turinem","subtitle":"Rumah Produksi","padukuhan":"Slanden","address":"Padukuhan Slanden, RT 19 RW 9","facets":["Rumah Produksi"],"details":[{"label":"Pemilik","value":"Turinem"},{"label":"Produk","value":"Slondok"}],"phone":"083857792912","photos":["/photos/umkm/876730315-depan.webp","/photos/umkm/876730315-samping.webp"],"gpsPrecision":4.828}},{"type":"Feature","id":"876730424","geometry":{"type":"Point","coordinates":[110.262348,-7.6665]},"properties":{"dataset":"umkm","name":"Kang Bagong Service elektronik","subtitle":"Jasa","padukuhan":"Slanden","address":"Padukuhan Slanden, RT 19 RW 9","facets":["Jasa"],"details":[{"label":"Pemilik","value":"Wahyudi"},{"label":"Keterangan","value":"Service elektronik"}],"phone":null,"photos":["/photos/umkm/876730424-depan.webp","/photos/umkm/876730424-samping.webp"],"gpsPrecision":4.952}},{"type":"Feature","id":"877117133","geometry":{"type":"Point","coordinates":[110.256746,-7.645805]},"properties":{"dataset":"umkm","name":"Gula jawa dan ikan progo bu masidah","subtitle":"Rumah Produksi","padukuhan":"Klangon","address":"Padukuhan Klangon, RT 29 RW 14","facets":["Rumah Produksi"],"details":[{"label":"Pemilik","value":"Seneng"},{"label":"Produk","value":"Gula Jawa, Ikan goreng"},{"label":"Keterangan","value":"Membuat gula jawa dan menggoreng ikan progo dijual ke pasar"}],"phone":null,"photos":["/photos/umkm/877117133-depan.webp","/photos/umkm/877117133-samping.webp","/photos/umkm/877117133-lainnya.webp"],"gpsPrecision":5.3}},{"type":"Feature","id":"877121663","geometry":{"type":"Point","coordinates":[110.242101,-7.662403]},"properties":{"dataset":"umkm","name":"Miftahudin mebel","subtitle":"Jasa","padukuhan":"Tonogoro","address":"Padukuhan Tonogoro, RT 75 RW 36","facets":["Jasa"],"details":[{"label":"Pemilik","value":"Miftahudin"}],"phone":null,"photos":["/photos/umkm/877121663-depan.webp","/photos/umkm/877121663-samping.webp"],"gpsPrecision":9.38}},{"type":"Feature","id":"877122239","geometry":{"type":"Point","coordinates":[110.252004,-7.644398]},"properties":{"dataset":"umkm","name":"Warung Makan Mbak Sumi","subtitle":"Kuliner","padukuhan":"Beji","address":"Padukuhan Beji, RT 35 RW 17","facets":["Kuliner"],"details":[{"label":"Pemilik","value":"Bu Sumi"},{"label":"Keterangan","value":"Nasi rames, gorengan,soto"}],"phone":"088806668816","photos":["/photos/umkm/877122239-depan.webp","/photos/umkm/877122239-samping.webp","/photos/umkm/877122239-lainnya.webp"],"gpsPrecision":4.955}},{"type":"Feature","id":"877122288","geometry":{"type":"Point","coordinates":[110.251944,-7.644543]},"properties":{"dataset":"umkm","name":"Box kontainer Mbk Nana","subtitle":"F and B","padukuhan":"Beji","address":"Padukuhan Beji, RT 35 RW 17","facets":["Lainnya"],"details":[{"label":"Pemilik","value":"Mbk Nana"},{"label":"Keterangan","value":"Macam macam es dan aneka gorengan tempura dll"}],"phone":"087838863509","photos":["/photos/umkm/877122288-depan.webp","/photos/umkm/877122288-samping.webp"],"gpsPrecision":4.957}},{"type":"Feature","id":"877122321","geometry":{"type":"Point","coordinates":[110.25217,-7.644214]},"properties":{"dataset":"umkm","name":"Warung Soto dan Bakso Bu Hj Sri","subtitle":"Kuliner","padukuhan":"Beji","address":"Padukuhan Beji, RT 35 RW 17","facets":["Kuliner"],"details":[{"label":"Pemilik","value":"Bu Sri"},{"label":"Keterangan","value":"Soto, Bakso"}],"phone":"081225625727","photos":["/photos/umkm/877122321-depan.webp","/photos/umkm/877122321-samping.webp"],"gpsPrecision":3.36}},{"type":"Feature","id":"877122352","geometry":{"type":"Point","coordinates":[110.253504,-7.647318]},"properties":{"dataset":"umkm","name":"MB TECHNIK","subtitle":"Bengkel","padukuhan":"Beji","address":"Padukuhan Beji, RT 33 RW 16","facets":["Bengkel"],"details":[{"label":"Pemilik","value":"Isnandar"},{"label":"Keterangan","value":"Bengkel las dll"}],"phone":"085643054103","photos":["/photos/umkm/877122352-depan.webp","/photos/umkm/877122352-samping.webp"],"gpsPrecision":4.955}},{"type":"Feature","id":"877122411","geometry":{"type":"Point","coordinates":[110.25306,-7.648668]},"properties":{"dataset":"umkm","name":"UMKM","subtitle":"Rumah Produksi","padukuhan":"Beji","address":"Padukuhan Beji, RT 32 RW 16","facets":["Rumah Produksi"],"details":[{"label":"Pemilik","value":"Akadiyah"},{"label":"Produk","value":"Tempe / Tahu"},{"label":"Keterangan","value":"Membuat tempe benguk, tempe kedelai, tempe benguk"}],"phone":"08813755026","photos":["/photos/umkm/877122411-depan.webp","/photos/umkm/877122411-samping.webp"],"gpsPrecision":3.895}},{"type":"Feature","id":"877122581","geometry":{"type":"Point","coordinates":[110.251516,-7.649164]},"properties":{"dataset":"umkm","name":"Jasa Pijat Sangkal Putung","subtitle":"Jasa","padukuhan":"Beji","address":"Padukuhan Beji, RT 33 RW 16","facets":["Jasa"],"details":[{"label":"Pemilik","value":"H. ALMIYADI BIN H. RUSDI"},{"label":"Keterangan","value":"Jasa Pijat Sangkal Putung"},{"label":"Nomor PIRT","value":"132/STPT-PJ/II/2023"},{"label":"Sertifikat halal","value":"STPT\n440/013//STPT/X/2025"}],"phone":"081328834367","photos":["/photos/umkm/877122581-depan.webp","/photos/umkm/877122581-samping.webp"],"gpsPrecision":3.64}},{"type":"Feature","id":"877122678","geometry":{"type":"Point","coordinates":[110.251744,-7.649154]},"properties":{"dataset":"umkm","name":"Warung Bu Indah","subtitle":"Toko Kelontong","padukuhan":"Beji","address":"Padukuhan Beji, RT 33 RW 16","facets":["Toko Kelontong"],"details":[{"label":"Pemilik","value":"Bu Raminah"},{"label":"Keterangan","value":"Snack dan minuman"}],"phone":"087738133466","photos":["/photos/umkm/877122678-depan.webp","/photos/umkm/877122678-samping.webp"],"gpsPrecision":4.731}},{"type":"Feature","id":"877122816","geometry":{"type":"Point","coordinates":[110.251795,-7.648247]},"properties":{"dataset":"umkm","name":"UMKM","subtitle":"Kuliner","padukuhan":"Beji","address":"Padukuhan Beji, RT 33 RW 16","facets":["Kuliner"],"details":[{"label":"Pemilik","value":"Suryanti"},{"label":"Keterangan","value":"Gorengan dan wajik"}],"phone":"083820159825","photos":["/photos/umkm/877122816-depan.webp","/photos/umkm/877122816-samping.webp"],"gpsPrecision":4.818}},{"type":"Feature","id":"877122867","geometry":{"type":"Point","coordinates":[110.252121,-7.648125]},"properties":{"dataset":"umkm","name":"SUMBER REJEKI","subtitle":"Toko Kelontong","padukuhan":"Beji","address":"Padukuhan Beji, RT 33 RW 16","facets":["Toko Kelontong"],"details":[{"label":"Pemilik","value":"Khanifudin"},{"label":"Keterangan","value":"Warung snack ciki dan minuman ringan"}],"phone":"085729822100","photos":["/photos/umkm/877122867-depan.webp","/photos/umkm/877122867-samping.webp"],"gpsPrecision":4.92}},{"type":"Feature","id":"877122926","geometry":{"type":"Point","coordinates":[110.251626,-7.647694]},"properties":{"dataset":"umkm","name":"UMKM","subtitle":"Jasa","padukuhan":"Kempong","address":"Padukuhan Kempong, RT 33 RW 16","facets":["Jasa"],"details":[{"label":"Pemilik","value":"Komari"},{"label":"Keterangan","value":"Jasa Gergaji"}],"phone":"0882003567121","photos":["/photos/umkm/877122926-depan.webp","/photos/umkm/877122926-samping.webp"],"gpsPrecision":4.665}},{"type":"Feature","id":"877146333","geometry":{"type":"Point","coordinates":[110.23058,-7.662947]},"properties":{"dataset":"umkm","name":"Tongseng jamu mba'3","subtitle":"RUMAH MAKAN","padukuhan":"Promasan","address":"Padukuhan Promasan, RT 68 RW 33","facets":["Lainnya"],"details":[{"label":"Pemilik","value":"Tri sumaryani"},{"label":"Keterangan","value":"Tongseng jamu"}],"phone":null,"photos":["/photos/umkm/877146333-depan.webp","/photos/umkm/877146333-samping.webp"],"gpsPrecision":4.795}},{"type":"Feature","id":"877157533","geometry":{"type":"Point","coordinates":[110.243764,-7.666925]},"properties":{"dataset":"umkm","name":"Suntoro pedagang","subtitle":"Pengepul / Penjual Hasil Kebun","padukuhan":"Semawung","address":"Padukuhan Semawung, RT 70 RW 34","facets":["Pengepul / Penjual Hasil Kebun"],"details":[{"label":"Pemilik","value":"Suntoro"},{"label":"Produk","value":"Hasil bumi"}],"phone":"082134940206","photos":["/photos/umkm/877157533-depan.webp","/photos/umkm/877157533-samping.webp"],"gpsPrecision":2.677}},{"type":"Feature","id":"877161819","geometry":{"type":"Point","coordinates":[110.246219,-7.665857]},"properties":{"dataset":"umkm","name":"Toko Calista","subtitle":"Toko Kelontong","padukuhan":"Semawung","address":"Padukuhan Semawung, RT 70 RW 34","facets":["Toko Kelontong"],"details":[{"label":"Pemilik","value":"Sri hartuti"},{"label":"Keterangan","value":"Sembako dan pakaian"}],"phone":null,"photos":["/photos/umkm/877161819-depan.webp","/photos/umkm/877161819-samping.webp"],"gpsPrecision":4.349}},{"type":"Feature","id":"877165905","geometry":{"type":"Point","coordinates":[110.247144,-7.659466]},"properties":{"dataset":"umkm","name":"Usaha kelapa","subtitle":"Pengepul / Penjual Hasil Kebun","padukuhan":"Puguh","address":"Padukuhan Puguh, RT 79 RW 38","facets":["Pengepul / Penjual Hasil Kebun"],"details":[{"label":"Pemilik","value":"Suyanto"},{"label":"Komoditas","value":"Kelapa"}],"phone":"082324515071","photos":["/photos/umkm/877165905-depan.webp","/photos/umkm/877165905-samping.webp"],"gpsPrecision":4.879}},{"type":"Feature","id":"877166913","geometry":{"type":"Point","coordinates":[110.247064,-7.660617]},"properties":{"dataset":"umkm","name":"Jahitan baju","subtitle":"Jahitab baju","padukuhan":"Puguh","address":"Padukuhan Puguh, RT 79 RW 38","facets":["Lainnya"],"details":[{"label":"Pemilik","value":"Ika asutik"}],"phone":"081392361526","photos":["/photos/umkm/877166913-depan.webp","/photos/umkm/877166913-samping.webp"],"gpsPrecision":4.91}},{"type":"Feature","id":"877309087","geometry":{"type":"Point","coordinates":[110.258305,-7.649267]},"properties":{"dataset":"umkm","name":"Marni","subtitle":"Jasa","padukuhan":"Klangon","address":"Padukuhan Klangon, RT 31 RW 15","facets":["Jasa"],"details":[{"label":"Pemilik","value":"Marni"}],"phone":null,"photos":["/photos/umkm/877309087-depan.webp","/photos/umkm/877309087-samping.webp"],"gpsPrecision":4.608}},{"type":"Feature","id":"877309184","geometry":{"type":"Point","coordinates":[110.258394,-7.649595]},"properties":{"dataset":"umkm","name":"Warung mb Siti","subtitle":"Kuliner","padukuhan":"Klangon","address":"Padukuhan Klangon, RT 31 RW 15","facets":["Kuliner"],"details":[{"label":"Pemilik","value":"Siti Sholikatun"}],"phone":null,"photos":["/photos/umkm/877309184-depan.webp","/photos/umkm/877309184-samping.webp"],"gpsPrecision":4.941}},{"type":"Feature","id":"877309289","geometry":{"type":"Point","coordinates":[110.256464,-7.648754]},"properties":{"dataset":"umkm","name":"Warung pak Yanto","subtitle":"Toko Kelontong","padukuhan":"Klangon","address":"Padukuhan Klangon, RT 31 RW 15","facets":["Toko Kelontong"],"details":[{"label":"Pemilik","value":"Nur Yanto"}],"phone":null,"photos":["/photos/umkm/877309289-depan.webp","/photos/umkm/877309289-samping.webp"],"gpsPrecision":3.4}},{"type":"Feature","id":"878105143","geometry":{"type":"Point","coordinates":[110.225284,-7.653703]},"properties":{"dataset":"umkm","name":"Slondok jati kembar","subtitle":"Rumah Produksi","padukuhan":"Plengan","address":"Padukuhan Plengan, RT 46 RW 22","facets":["Rumah Produksi"],"details":[{"label":"Pemilik","value":"Agatha suparni"},{"label":"Produk","value":"Slondok"},{"label":"Keterangan","value":"Produksi slondok"},{"label":"Nomor PIRT","value":"P-IRT 2053401010437-28"},{"label":"Sertifikat halal","value":"34110001359200223"}],"phone":"081802718784","photos":["/photos/umkm/878105143-depan.webp","/photos/umkm/878105143-samping.webp","/photos/umkm/878105143-lainnya.webp"],"gpsPrecision":4.621}},{"type":"Feature","id":"878105209","geometry":{"type":"Point","coordinates":[110.221607,-7.648533]},"properties":{"dataset":"umkm","name":"KUB motor","subtitle":"Bengkel","padukuhan":"Plengan","address":"Padukuhan Plengan, RT 46 RW 22","facets":["Bengkel"],"details":[{"label":"Pemilik","value":"Suhardi"},{"label":"Keterangan","value":"Buka pagi sampai sore\nTutup setiap hari rabu"}],"phone":"085975200702","photos":["/photos/umkm/878105209-depan.webp","/photos/umkm/878105209-samping.webp","/photos/umkm/878105209-lainnya.webp"],"gpsPrecision":4.915}},{"type":"Feature","id":"878151059","geometry":{"type":"Point","coordinates":[110.260002,-7.671158]},"properties":{"dataset":"umkm","name":"Produksi gula Jawa lasiyem","subtitle":"Rumah Produksi","padukuhan":"Banjaran","address":"Padukuhan Banjaran, RT 11 RW 6","facets":["Rumah Produksi"],"details":[{"label":"Pemilik","value":"Lasiyem"},{"label":"Produk","value":"Gula Jawa"}],"phone":null,"photos":["/photos/umkm/878151059-depan.webp","/photos/umkm/878151059-samping.webp"],"gpsPrecision":4.47}},{"type":"Feature","id":"878151234","geometry":{"type":"Point","coordinates":[110.260203,-7.670929]},"properties":{"dataset":"umkm","name":"Asep syaprudin","subtitle":"Pengepul / Penjual Hasil Kebun","padukuhan":"Banjaran","address":"Padukuhan Banjaran, RT 11 RW 6","facets":["Pengepul / Penjual Hasil Kebun"],"details":[{"label":"Pemilik","value":"Asep syafrudin"},{"label":"Komoditas","value":"Kelapa"},{"label":"Keterangan","value":"Kelapa muda"}],"phone":null,"photos":["/photos/umkm/878151234-depan.webp","/photos/umkm/878151234-samping.webp"],"gpsPrecision":4.355}},{"type":"Feature","id":"878151275","geometry":{"type":"Point","coordinates":[110.260982,-7.671709]},"properties":{"dataset":"umkm","name":"Sayur matang","subtitle":"Kuliner","padukuhan":"Banjaran","address":"Padukuhan Banjaran, RT 11 RW 6","facets":["Kuliner"],"details":[{"label":"Pemilik","value":"Sutriyah"}],"phone":null,"photos":["/photos/umkm/878151275-depan.webp","/photos/umkm/878151275-samping.webp"],"gpsPrecision":4.602}},{"type":"Feature","id":"878294246","geometry":{"type":"Point","coordinates":[110.249853,-7.661962]},"properties":{"dataset":"umkm","name":"Warung ibu Sri utami","subtitle":"Kuliner","padukuhan":"Semawung","address":"Padukuhan Semawung, RT 71 RW 34","facets":["Kuliner"],"details":[{"label":"Pemilik","value":"Sri utami"},{"label":"Keterangan","value":"Gorengan,sayur,pecel"}],"phone":null,"photos":["/photos/umkm/878294246-depan.webp","/photos/umkm/878294246-samping.webp"],"gpsPrecision":4.3}},{"type":"Feature","id":"878713591","geometry":{"type":"Point","coordinates":[110.252194,-7.644595]},"properties":{"dataset":"umkm","name":"UMKM","subtitle":"Kuliner","padukuhan":"Beji","address":"Padukuhan Beji, RT 35 RW 16","facets":["Kuliner"],"details":[{"label":"Pemilik","value":"Mutatik"},{"label":"Keterangan","value":"Dawet"}],"phone":"088239168563","photos":["/photos/umkm/878713591-depan.webp","/photos/umkm/878713591-samping.webp"],"gpsPrecision":4.503}},{"type":"Feature","id":"878713595","geometry":{"type":"Point","coordinates":[110.252619,-7.644627]},"properties":{"dataset":"umkm","name":"UMKM","subtitle":null,"padukuhan":"Beji","address":"Padukuhan Beji, RT 35 RW 17","facets":["Lainnya"],"details":[{"label":"Pemilik","value":"Widayati"},{"label":"Keterangan","value":"Membuat bubur  dan jenang candil"}],"phone":"088237085456","photos":["/photos/umkm/878713595-depan.webp","/photos/umkm/878713595-samping.webp"],"gpsPrecision":4.733}},{"type":"Feature","id":"878713599","geometry":{"type":"Point","coordinates":[110.2526,-7.645254]},"properties":{"dataset":"umkm","name":"UMKM","subtitle":"Pengepul / Penjual Hasil Kebun","padukuhan":"Beji","address":"Padukuhan Beji, RT 35 RW 17","facets":["Pengepul / Penjual Hasil Kebun"],"details":[{"label":"Pemilik","value":"Rohadi"},{"label":"Komoditas","value":"Gula Jawa"},{"label":"Keterangan","value":"Pengepul gula jawa"}],"phone":"081915541030","photos":["/photos/umkm/878713599-depan.webp","/photos/umkm/878713599-samping.webp"],"gpsPrecision":3.532}},{"type":"Feature","id":"878713604","geometry":{"type":"Point","coordinates":[110.252657,-7.645238]},"properties":{"dataset":"umkm","name":"Warung Pak Yanto","subtitle":"Toko Kelontong","padukuhan":"Beji","address":"Padukuhan Beji, RT 35 RW 17","facets":["Toko Kelontong"],"details":[{"label":"Pemilik","value":"Pak Yanto"},{"label":"Keterangan","value":"Warung sembako"}],"phone":"083102586957","photos":["/photos/umkm/878713604-depan.webp","/photos/umkm/878713604-samping.webp"],"gpsPrecision":4.706}},{"type":"Feature","id":"878757198","geometry":{"type":"Point","coordinates":[110.257353,-7.654682]},"properties":{"dataset":"umkm","name":"Suhartini","subtitle":"Rumah Produksi","padukuhan":"Pranan","address":"Padukuhan Pranan, RT 20 RW 10","facets":["Rumah Produksi"],"details":[{"label":"Pemilik","value":"Suhartini"},{"label":"Produk","value":"Slondok"}],"phone":null,"photos":["/photos/umkm/878757198-depan.webp","/photos/umkm/878757198-samping.webp"],"gpsPrecision":11.28}},{"type":"Feature","id":"878758026","geometry":{"type":"Point","coordinates":[110.227773,-7.667633]},"properties":{"dataset":"umkm","name":"geblek singkong","subtitle":"Kuliner","padukuhan":"Semagung","address":"Padukuhan Semagung, RT 63 RW 30","facets":["Kuliner"],"details":[{"label":"Pemilik","value":"sumaryanto"},{"label":"Keterangan","value":"pembuatan geblek singkong di jual ke warung-warung"}],"phone":null,"photos":["/photos/umkm/878758026-depan.webp","/photos/umkm/878758026-samping.webp"],"gpsPrecision":34.84}},{"type":"Feature","id":"878758146","geometry":{"type":"Point","coordinates":[110.228919,-7.666224]},"properties":{"dataset":"umkm","name":"ketring anjani","subtitle":"Kuliner","padukuhan":"Semagung","address":"Padukuhan Semagung, RT 62 RW 30","facets":["Kuliner"],"details":[{"label":"Pemilik","value":"endang anjani"},{"label":"Keterangan","value":"nasi box / prasmanan\nstick lele\naneka snack"},{"label":"Nomor PIRT","value":"2013401010756-25"},{"label":"Sertifikat halal","value":"34110000335920622"}],"phone":"087838952756","photos":["/photos/umkm/878758146-depan.webp","/photos/umkm/878758146-samping.webp"],"gpsPrecision":4.979}},{"type":"Feature","id":"878885184","geometry":{"type":"Point","coordinates":[110.255621,-7.652756]},"properties":{"dataset":"umkm","name":"Toko Mbak SITI","subtitle":"Toko Kelontong","padukuhan":"Potronalan","address":"Padukuhan Potronalan, RT 24 RW 12","facets":["Toko Kelontong"],"details":[{"label":"Pemilik","value":"Siti Wasilah"},{"label":"Keterangan","value":"toko sembako buka pagi sampai sore"}],"phone":"081804090993","photos":["/photos/umkm/878885184-depan.webp","/photos/umkm/878885184-samping.webp"],"gpsPrecision":4.58}},{"type":"Feature","id":"878885253","geometry":{"type":"Point","coordinates":[110.255976,-7.652538]},"properties":{"dataset":"umkm","name":"Kedai Naura","subtitle":"Kuliner","padukuhan":"Potronalan","address":"Padukuhan Potronalan, RT 24 RW 12","facets":["Kuliner"],"details":[{"label":"Pemilik","value":"Nurma noviyana"},{"label":"Keterangan","value":"jual aneka minuman siap saji, buka pagi sampai sore"}],"phone":"088980729193","photos":["/photos/umkm/878885253-depan.webp","/photos/umkm/878885253-samping.webp"],"gpsPrecision":4.642}},{"type":"Feature","id":"878887941","geometry":{"type":"Point","coordinates":[110.255936,-7.652561]},"properties":{"dataset":"umkm","name":"Apotek Kurnia Sehat","subtitle":"Apotek","padukuhan":"Potronalan","address":"Padukuhan Potronalan, RT 24 RW 12","facets":["Lainnya"],"details":[{"label":"Pemilik","value":"Indah Hariyanti . S.Farm"},{"label":"Keterangan","value":"tempat jual obat obat dan juga beberapa alat kesehatan"}],"phone":"0881010981905","photos":["/photos/umkm/878887941-depan.webp","/photos/umkm/878887941-samping.webp"],"gpsPrecision":3.833}},{"type":"Feature","id":"878889950","geometry":{"type":"Point","coordinates":[110.255904,-7.652456]},"properties":{"dataset":"umkm","name":"Mie Ayam Andri Jaya","subtitle":"Kuliner","padukuhan":"Potronalan","address":"Padukuhan Potronalan, RT 24 RW 12","facets":["Kuliner"],"details":[{"label":"Pemilik","value":"Suroto"},{"label":"Keterangan","value":"tempat makan dengan menu mie ayam dan bakso ,buka pagi sampai habis"}],"phone":null,"photos":["/photos/umkm/878889950-depan.webp","/photos/umkm/878889950-samping.webp"],"gpsPrecision":4.06}},{"type":"Feature","id":"878906616","geometry":{"type":"Point","coordinates":[110.25513,-7.652892]},"properties":{"dataset":"umkm","name":"Angkringan Mak Sut","subtitle":"Kuliner","padukuhan":"Potronalan","address":"Padukuhan Potronalan, RT 26 RW 12","facets":["Kuliner"],"details":[{"label":"Pemilik","value":"Sutarsih"},{"label":"Keterangan","value":"buka sore sampai habis"}],"phone":"087839886081","photos":["/photos/umkm/878906616-depan.webp","/photos/umkm/878906616-samping.webp"],"gpsPrecision":3.6}},{"type":"Feature","id":"878906641","geometry":{"type":"Point","coordinates":[110.254567,-7.651572]},"properties":{"dataset":"umkm","name":"Warung Mak Mul","subtitle":"Kuliner","padukuhan":"Potronalan","address":"Padukuhan Potronalan, RT 24 RW 12","facets":["Kuliner"],"details":[{"label":"Pemilik","value":"Mulyani"},{"label":"Keterangan","value":"warung kuliner seperti tempura dan berbagai macam minuman. buka pagi sampai malam"}],"phone":"083823922848","photos":["/photos/umkm/878906641-depan.webp","/photos/umkm/878906641-samping.webp"],"gpsPrecision":4.94}},{"type":"Feature","id":"878906662","geometry":{"type":"Point","coordinates":[110.25456,-7.651615]},"properties":{"dataset":"umkm","name":"Bengkel Hangout 077","subtitle":"Bengkel","padukuhan":"Potronalan","address":"Padukuhan Potronalan, RT 24 RW 12","facets":["Bengkel"],"details":[{"label":"Pemilik","value":"Dwi Prasetyo"},{"label":"Keterangan","value":"Bengkel motor dan juga jual beli kendaraan bekas"}],"phone":"083103078372","photos":["/photos/umkm/878906662-depan.webp","/photos/umkm/878906662-samping.webp"],"gpsPrecision":4.914}},{"type":"Feature","id":"878906687","geometry":{"type":"Point","coordinates":[110.254604,-7.651547]},"properties":{"dataset":"umkm","name":"Slondok Pak Pandi","subtitle":"Rumah Produksi","padukuhan":"Potronalan","address":"Padukuhan Potronalan, RT 24 RW 12","facets":["Rumah Produksi"],"details":[{"label":"Pemilik","value":"Muh Afandi"},{"label":"Produk","value":"Slondok"},{"label":"Keterangan","value":"tempat produksi slondok getuk dan krepus, bisa menerima pesanan"}],"phone":"088233655590","photos":["/photos/umkm/878906687-depan.webp","/photos/umkm/878906687-samping.webp"],"gpsPrecision":3.5}},{"type":"Feature","id":"878999171","geometry":{"type":"Point","coordinates":[110.255703,-7.6505]},"properties":{"dataset":"umkm","name":"Pentol Durian","subtitle":"Pengepul / Penjual Hasil Kebun","padukuhan":"Potronalan","address":"Padukuhan Potronalan, RT 25 RW 13","facets":["Pengepul / Penjual Hasil Kebun"],"details":[{"label":"Pemilik","value":"Anang Kurniawan"},{"label":"Komoditas","value":"Durian"},{"label":"Keterangan","value":"Menjual durian dari panenan kebun di sekitar kalibawang. bisa dipesan dan bergaransi. buka setiap musim durian"}],"phone":"085952826388","photos":["/photos/umkm/878999171-depan.webp","/photos/umkm/878999171-samping.webp"],"gpsPrecision":4.6}},{"type":"Feature","id":"878999184","geometry":{"type":"Point","coordinates":[110.255915,-7.652782]},"properties":{"dataset":"umkm","name":"Putra sandal dan tas","subtitle":"Kios sandal dan Tas","padukuhan":"Potronalan","address":"Padukuhan Potronalan, RT 24 RW 12","facets":["Lainnya"],"details":[{"label":"Pemilik","value":"Sugeng"},{"label":"Keterangan","value":"tempat jual berbagai macam sandal dan tas"}],"phone":null,"photos":["/photos/umkm/878999184-depan.webp","/photos/umkm/878999184-samping.webp"],"gpsPrecision":4.52}},{"type":"Feature","id":"879016185","geometry":{"type":"Point","coordinates":[110.256526,-7.646202]},"properties":{"dataset":"umkm","name":"Aneka makanan bu Mun","subtitle":"Kuliner","padukuhan":"Klangon","address":"Padukuhan Klangon, RT 29 RW 14","facets":["Kuliner"],"details":[{"label":"Pemilik","value":"Siti Munapiah"},{"label":"Keterangan","value":"Membuat aneka makanan seperti megono,gethuk,sayur matang,dan berbagai hasil kebun di pasar muntilan"}],"phone":null,"photos":["/photos/umkm/879016185-depan.webp","/photos/umkm/879016185-samping.webp"],"gpsPrecision":3.834}},{"type":"Feature","id":"879016228","geometry":{"type":"Point","coordinates":[110.256558,-7.646453]},"properties":{"dataset":"umkm","name":"Karya mandiri","subtitle":"Rumah Produksi","padukuhan":"Klangon","address":"Padukuhan Klangon, RT 29 RW 14","facets":["Rumah Produksi"],"details":[{"label":"Pemilik","value":"Nurochmat"},{"label":"Produk","value":"Membuat beki tempat bibit dan lanjaran"},{"label":"Keterangan","value":"Membuat beki bibit dan lanjaran di setorkan ke pengepul"}],"phone":null,"photos":["/photos/umkm/879016228-depan.webp","/photos/umkm/879016228-samping.webp"],"gpsPrecision":2.116}},{"type":"Feature","id":"879018675","geometry":{"type":"Point","coordinates":[110.255855,-7.645578]},"properties":{"dataset":"umkm","name":"Gula jawa bu Hazim","subtitle":"Rumah Produksi","padukuhan":"Klangon","address":"Padukuhan Klangon, RT 29 RW 14","facets":["Rumah Produksi"],"details":[{"label":"Pemilik","value":"Ngatimin"},{"label":"Produk","value":"Gula Jawa"}],"phone":null,"photos":["/photos/umkm/879018675-depan.webp","/photos/umkm/879018675-samping.webp","/photos/umkm/879018675-lainnya.webp"],"gpsPrecision":4.947}},{"type":"Feature","id":"879018693","geometry":{"type":"Point","coordinates":[110.256023,-7.645498]},"properties":{"dataset":"umkm","name":"Bakul sego Entin","subtitle":"Kuliner","padukuhan":"Klangon","address":"Padukuhan Klangon, RT 29 RW 14","facets":["Kuliner"],"details":[{"label":"Pemilik","value":"Siti nurohmah"},{"label":"Keterangan","value":"Membuat aneka nasi lauk dan minuman di jual ke dukun merapi lokasi tambang"}],"phone":null,"photos":["/photos/umkm/879018693-depan.webp","/photos/umkm/879018693-samping.webp"],"gpsPrecision":8.636}},{"type":"Feature","id":"879018709","geometry":{"type":"Point","coordinates":[110.256791,-7.647427]},"properties":{"dataset":"umkm","name":"Razio Snack","subtitle":"Rumah Produksi","padukuhan":"Klangon","address":"Padukuhan Klangon, RT 30 RW 15","facets":["Rumah Produksi"],"details":[{"label":"Pemilik","value":"Nur Wedhi"},{"label":"Produk","value":"Membuat makanan tradisional jajanan pasar"},{"label":"Sertifikat halal","value":"Id3411001779230424"}],"phone":null,"photos":["/photos/umkm/879018709-depan.webp","/photos/umkm/879018709-samping.webp","/photos/umkm/879018709-lainnya.webp"],"gpsPrecision":4.955}},{"type":"Feature","id":"879018728","geometry":{"type":"Point","coordinates":[110.256573,-7.647527]},"properties":{"dataset":"umkm","name":"Warung Bi paryati","subtitle":"Toko Kelontong","padukuhan":"Klangon","address":"Padukuhan Klangon, RT 30 RW 15","facets":["Toko Kelontong"],"details":[{"label":"Pemilik","value":"Tri paryati"}],"phone":null,"photos":["/photos/umkm/879018728-depan.webp","/photos/umkm/879018728-samping.webp","/photos/umkm/879018728-lainnya.webp"],"gpsPrecision":4.156}},{"type":"Feature","id":"879018746","geometry":{"type":"Point","coordinates":[110.256339,-7.647504]},"properties":{"dataset":"umkm","name":"Gula jawa bu harti","subtitle":"Rumah Produksi","padukuhan":"Klangon","address":"Padukuhan Klangon, RT 30 RW 15","facets":["Rumah Produksi"],"details":[{"label":"Pemilik","value":"Alwan"},{"label":"Produk","value":"Gula Jawa"}],"phone":null,"photos":["/photos/umkm/879018746-depan.webp","/photos/umkm/879018746-samping.webp"],"gpsPrecision":4.666}},{"type":"Feature","id":"879018768","geometry":{"type":"Point","coordinates":[110.256215,-7.647767]},"properties":{"dataset":"umkm","name":"Toko Ihsan","subtitle":"Toko Kelontong","padukuhan":"Klangon","address":"Padukuhan Klangon, RT 30 RW 14","facets":["Toko Kelontong"],"details":[{"label":"Pemilik","value":"Ahmad Fauzi"},{"label":"Keterangan","value":"Toko kelontong"}],"phone":null,"photos":["/photos/umkm/879018768-depan.webp","/photos/umkm/879018768-samping.webp","/photos/umkm/879018768-lainnya.webp"],"gpsPrecision":4.666}},{"type":"Feature","id":"879018785","geometry":{"type":"Point","coordinates":[110.256237,-7.645918]},"properties":{"dataset":"umkm","name":"Warung bu Ngatiyem","subtitle":"Toko Kelontong","padukuhan":"Klangon","address":"Padukuhan Klangon, RT 29 RW 14","facets":["Toko Kelontong"],"details":[{"label":"Pemilik","value":"Ngatiyem"},{"label":"Keterangan","value":"Warung kecil kecilan"}],"phone":null,"photos":["/photos/umkm/879018785-depan.webp","/photos/umkm/879018785-samping.webp","/photos/umkm/879018785-lainnya.webp"],"gpsPrecision":5.658}},{"type":"Feature","id":"879018810","geometry":{"type":"Point","coordinates":[110.258368,-7.646147]},"properties":{"dataset":"umkm","name":"Gula jawa bu Siti","subtitle":"Rumah Produksi","padukuhan":"Klangon","address":"Padukuhan Klangon, RT 30 RW 15","facets":["Rumah Produksi"],"details":[{"label":"Pemilik","value":"Ismanan"},{"label":"Produk","value":"Gula Jawa"},{"label":"Keterangan","value":"Membuat gula jawa dijual di pasar jagalan"}],"phone":null,"photos":["/photos/umkm/879018810-depan.webp","/photos/umkm/879018810-samping.webp","/photos/umkm/879018810-lainnya.webp"],"gpsPrecision":4.4}},{"type":"Feature","id":"879018839","geometry":{"type":"Point","coordinates":[110.257047,-7.646472]},"properties":{"dataset":"umkm","name":"Kiya Cookies","subtitle":"Rumah Produksi","padukuhan":"Klangon","address":"Padukuhan Klangon, RT 30 RW 15","facets":["Rumah Produksi"],"details":[{"label":"Pemilik","value":"Sultonul Arifin"},{"label":"Produk","value":"Kue Kering Lebaran"},{"label":"Keterangan","value":"Membuat aneka kue lebaran"}],"phone":null,"photos":["/photos/umkm/879018839-depan.webp","/photos/umkm/879018839-samping.webp"],"gpsPrecision":4.564}},{"type":"Feature","id":"879018850","geometry":{"type":"Point","coordinates":[110.257511,-7.645569]},"properties":{"dataset":"umkm","name":"Jadah bu siti","subtitle":"Rumah Produksi","padukuhan":"Klangon","address":"Padukuhan Klangon, RT 30 RW 15","facets":["Rumah Produksi"],"details":[{"label":"Pemilik","value":"Siti khasanah"},{"label":"Produk","value":"Jadah dan mie"},{"label":"Keterangan","value":"Membuat jadah dan mie di jual ke pasar jagalan"}],"phone":null,"photos":["/photos/umkm/879018850-depan.webp","/photos/umkm/879018850-samping.webp"],"gpsPrecision":9.242}},{"type":"Feature","id":"879018988","geometry":{"type":"Point","coordinates":[110.255992,-7.646361]},"properties":{"dataset":"umkm","name":"Vco Sundari","subtitle":"Rumah Produksi","padukuhan":"Klangon","address":"Padukuhan Klangon, RT 29 RW 14","facets":["Rumah Produksi"],"details":[{"label":"Pemilik","value":"Satimo"},{"label":"Produk","value":"Minyak kelapa (Vco)"},{"label":"Keterangan","value":"Membuat minyak kelapa asli dan ketak(ampas)"}],"phone":null,"photos":["/photos/umkm/879018988-depan.webp","/photos/umkm/879018988-samping.webp"],"gpsPrecision":5.596}},{"type":"Feature","id":"879019005","geometry":{"type":"Point","coordinates":[110.255793,-7.6466]},"properties":{"dataset":"umkm","name":"Kelapa bu Ngadinem","subtitle":"Pengepul / Penjual Hasil Kebun","padukuhan":"Klangon","address":"Padukuhan Klangon, RT 29 RW 14","facets":["Pengepul / Penjual Hasil Kebun"],"details":[{"label":"Pemilik","value":"Taryono"},{"label":"Komoditas","value":"Kelapa"},{"label":"Keterangan","value":"Pengepul kelapa"}],"phone":null,"photos":["/photos/umkm/879019005-depan.webp","/photos/umkm/879019005-samping.webp"],"gpsPrecision":4.2}},{"type":"Feature","id":"879019039","geometry":{"type":"Point","coordinates":[110.255692,-7.6462]},"properties":{"dataset":"umkm","name":"Gula jawa bu Tukiyem","subtitle":"Rumah Produksi","padukuhan":"Klangon","address":"Padukuhan Klangon, RT 29 RW 14","facets":["Rumah Produksi"],"details":[{"label":"Pemilik","value":"Mujiono"},{"label":"Produk","value":"Gula Jawa"}],"phone":null,"photos":["/photos/umkm/879019039-depan.webp","/photos/umkm/879019039-samping.webp"],"gpsPrecision":4.7}},{"type":"Feature","id":"879019061","geometry":{"type":"Point","coordinates":[110.25552,-7.646483]},"properties":{"dataset":"umkm","name":"Rosidi Duren","subtitle":"Pengepul / Penjual Hasil Kebun","padukuhan":"Klangon","address":"Padukuhan Klangon, RT 29 RW 14","facets":["Pengepul / Penjual Hasil Kebun"],"details":[{"label":"Pemilik","value":"Rosidi"},{"label":"Komoditas","value":"Durian, Kelapa"},{"label":"Keterangan","value":"Membeli kelapa dan durian di pohon untuk dijual kembali"}],"phone":"083841891093","photos":["/photos/umkm/879019061-depan.webp","/photos/umkm/879019061-samping.webp","/photos/umkm/879019061-lainnya.webp"],"gpsPrecision":4.6}},{"type":"Feature","id":"879019078","geometry":{"type":"Point","coordinates":[110.255512,-7.646138]},"properties":{"dataset":"umkm","name":"Gula jawa bu Matoyah","subtitle":"Rumah Produksi","padukuhan":"Klangon","address":"Padukuhan Klangon, RT 29 RW 14","facets":["Rumah Produksi"],"details":[{"label":"Pemilik","value":"Kamaludin"},{"label":"Produk","value":"Gula Jawa"}],"phone":null,"photos":["/photos/umkm/879019078-depan.webp","/photos/umkm/879019078-samping.webp","/photos/umkm/879019078-lainnya.webp"],"gpsPrecision":4.5}},{"type":"Feature","id":"879019098","geometry":{"type":"Point","coordinates":[110.255323,-7.646048]},"properties":{"dataset":"umkm","name":"Gula jawa Bu Pariyah","subtitle":"Rumah Produksi","padukuhan":"Klangon","address":"Padukuhan Klangon, RT 29 RW 14","facets":["Rumah Produksi"],"details":[{"label":"Pemilik","value":"Khoiri"},{"label":"Produk","value":"Gula Jawa"},{"label":"Keterangan","value":"Membuat gula jawa dijual ke pasar"}],"phone":null,"photos":["/photos/umkm/879019098-depan.webp","/photos/umkm/879019098-samping.webp","/photos/umkm/879019098-lainnya.webp"],"gpsPrecision":4.976}},{"type":"Feature","id":"879019133","geometry":{"type":"Point","coordinates":[110.255715,-7.645413]},"properties":{"dataset":"umkm","name":"Jajanan bu Daroyah","subtitle":"Rumah Produksi","padukuhan":"Klangon","address":"Padukuhan Klangon, RT 29 RW 14","facets":["Rumah Produksi"],"details":[{"label":"Pemilik","value":"Tasmudi"},{"label":"Produk","value":"Menjual aneka makanan tradisinal"}],"phone":null,"photos":["/photos/umkm/879019133-depan.webp","/photos/umkm/879019133-samping.webp"],"gpsPrecision":4.479}},{"type":"Feature","id":"879019157","geometry":{"type":"Point","coordinates":[110.258099,-7.646954]},"properties":{"dataset":"umkm","name":"Distributor slondok","subtitle":"Jasa","padukuhan":"Klangon","address":"Padukuhan Klangon, RT 30 RW 15","facets":["Jasa"],"details":[{"label":"Pemilik","value":"Suharman"}],"phone":null,"photos":["/photos/umkm/879019157-depan.webp","/photos/umkm/879019157-samping.webp"],"gpsPrecision":13.454}},{"type":"Feature","id":"879019170","geometry":{"type":"Point","coordinates":[110.257806,-7.646838]},"properties":{"dataset":"umkm","name":"Bakso bakar mas ampal","subtitle":"Kuliner","padukuhan":"Klangon","address":"Padukuhan Klangon, RT 30 RW 15","facets":["Kuliner"],"details":[{"label":"Pemilik","value":"Muh Tofa"},{"label":"Keterangan","value":"Menjual aneka bakso bakar mangkal di depan spbu rafano"}],"phone":null,"photos":["/photos/umkm/879019170-depan.webp","/photos/umkm/879019170-samping.webp","/photos/umkm/879019170-lainnya.webp"],"gpsPrecision":4.35}},{"type":"Feature","id":"879019191","geometry":{"type":"Point","coordinates":[110.257673,-7.647943]},"properties":{"dataset":"umkm","name":"Hari serkel","subtitle":"Jasa","padukuhan":"Klangon","address":"Padukuhan Klangon, RT 31 RW 15","facets":["Jasa"],"details":[{"label":"Pemilik","value":"Jauhari"}],"phone":null,"photos":["/photos/umkm/879019191-depan.webp","/photos/umkm/879019191-samping.webp","/photos/umkm/879019191-lainnya.webp"],"gpsPrecision":6.7}},{"type":"Feature","id":"879019210","geometry":{"type":"Point","coordinates":[110.257527,-7.648239]},"properties":{"dataset":"umkm","name":"Gula jawa bu Ika","subtitle":"Rumah Produksi","padukuhan":"Klangon","address":"Padukuhan Klangon, RT 31 RW 15","facets":["Rumah Produksi"],"details":[{"label":"Pemilik","value":"Muh Rofi"},{"label":"Produk","value":"Gula Jawa"}],"phone":null,"photos":["/photos/umkm/879019210-depan.webp","/photos/umkm/879019210-samping.webp","/photos/umkm/879019210-lainnya.webp"],"gpsPrecision":4.541}},{"type":"Feature","id":"879019232","geometry":{"type":"Point","coordinates":[110.25758,-7.648561]},"properties":{"dataset":"umkm","name":"Bubur pagi bu tum","subtitle":"Kuliner","padukuhan":"Klangon","address":"Padukuhan Klangon, RT 31 RW 15","facets":["Kuliner"],"details":[{"label":"Pemilik","value":"Muhasim"},{"label":"Keterangan","value":"Jual bubur sayur di pasar jagalan"}],"phone":null,"photos":["/photos/umkm/879019232-depan.webp","/photos/umkm/879019232-samping.webp"],"gpsPrecision":4.711}},{"type":"Feature","id":"879019343","geometry":{"type":"Point","coordinates":[110.256428,-7.648521]},"properties":{"dataset":"umkm","name":"26 motor","subtitle":"Bengkel","padukuhan":"Klangon","address":"Padukuhan Klangon, RT 30 RW 15","facets":["Bengkel"],"details":[{"label":"Pemilik","value":"Khoirul Huda"}],"phone":null,"photos":["/photos/umkm/879019343-depan.webp","/photos/umkm/879019343-samping.webp","/photos/umkm/879019343-lainnya.webp"],"gpsPrecision":7.772}},{"type":"Feature","id":"879019360","geometry":{"type":"Point","coordinates":[110.25643,-7.648511]},"properties":{"dataset":"umkm","name":"Toko fitriana","subtitle":"Toko Kelontong","padukuhan":"Klangon","address":"Padukuhan Klangon, RT 30 RW 15","facets":["Toko Kelontong"],"details":[{"label":"Pemilik","value":"Fitraana Indah A"}],"phone":null,"photos":["/photos/umkm/879019360-depan.webp","/photos/umkm/879019360-samping.webp"],"gpsPrecision":4.858}},{"type":"Feature","id":"879019389","geometry":{"type":"Point","coordinates":[110.25661,-7.648368]},"properties":{"dataset":"umkm","name":"Safari tailor","subtitle":"Jasa","padukuhan":"Klangon","address":"Padukuhan Klangon, RT 30 RW 15","facets":["Jasa"],"details":[{"label":"Pemilik","value":"Agustinus Safari"}],"phone":null,"photos":["/photos/umkm/879019389-depan.webp","/photos/umkm/879019389-samping.webp"],"gpsPrecision":6.461}},{"type":"Feature","id":"879019407","geometry":{"type":"Point","coordinates":[110.25634,-7.648314]},"properties":{"dataset":"umkm","name":"Dapur mama3la","subtitle":"Kuliner","padukuhan":"Klangon","address":"Padukuhan Klangon, RT 30 RW 15","facets":["Kuliner"],"details":[{"label":"Pemilik","value":"Fransiska Ririn"},{"label":"Keterangan","value":"Membuat aneka makanan"}],"phone":null,"photos":["/photos/umkm/879019407-depan.webp","/photos/umkm/879019407-samping.webp"],"gpsPrecision":4.789}},{"type":"Feature","id":"879019424","geometry":{"type":"Point","coordinates":[110.256111,-7.647987]},"properties":{"dataset":"umkm","name":"Praktik Dokter Saiful","subtitle":"Jasa","padukuhan":"Klangon","address":"Padukuhan Klangon, RT 30 RW 15","facets":["Jasa"],"details":[{"label":"Pemilik","value":"Uuu"}],"phone":null,"photos":["/photos/umkm/879019424-depan.webp","/photos/umkm/879019424-samping.webp","/photos/umkm/879019424-lainnya.webp"],"gpsPrecision":4.826}},{"type":"Feature","id":"879019458","geometry":{"type":"Point","coordinates":[110.256196,-7.648006]},"properties":{"dataset":"umkm","name":"Kedai Farzana","subtitle":"Kuliner","padukuhan":"Klangon","address":"Padukuhan Klangon, RT 30 RW 15","facets":["Kuliner"],"details":[{"label":"Pemilik","value":"Siti Romlah"},{"label":"Keterangan","value":"Menjual aneka es"}],"phone":null,"photos":["/photos/umkm/879019458-depan.webp","/photos/umkm/879019458-samping.webp"],"gpsPrecision":6.096}},{"type":"Feature","id":"879019474","geometry":{"type":"Point","coordinates":[110.253775,-7.64645]},"properties":{"dataset":"umkm","name":"Bengkel pak tris","subtitle":"Bengkel","padukuhan":"Klangon","address":"Padukuhan Klangon, RT 29 RW 14","facets":["Bengkel"],"details":[{"label":"Pemilik","value":"Sutrisno"}],"phone":null,"photos":["/photos/umkm/879019474-depan.webp","/photos/umkm/879019474-samping.webp"],"gpsPrecision":4.2}},{"type":"Feature","id":"879019497","geometry":{"type":"Point","coordinates":[110.253834,-7.646572]},"properties":{"dataset":"umkm","name":"Tarto jok","subtitle":"Rumah Produksi","padukuhan":"Klangon","address":"Padukuhan Klangon, RT 29 RW 14","facets":["Rumah Produksi"],"details":[{"label":"Pemilik","value":"Sutarto"},{"label":"Produk","value":"Sofa dan jok"}],"phone":null,"photos":["/photos/umkm/879019497-depan.webp","/photos/umkm/879019497-samping.webp"],"gpsPrecision":4.829}},{"type":"Feature","id":"879019512","geometry":{"type":"Point","coordinates":[110.253736,-7.646144]},"properties":{"dataset":"umkm","name":"Pecel lele phb","subtitle":"Kuliner","padukuhan":"Klangon","address":"Padukuhan Klangon, RT 28 RW 14","facets":["Kuliner"],"details":[{"label":"Pemilik","value":"Ahmat nanda mustakim"}],"phone":null,"photos":["/photos/umkm/879019512-depan.webp","/photos/umkm/879019512-samping.webp"],"gpsPrecision":4.3}},{"type":"Feature","id":"879019531","geometry":{"type":"Point","coordinates":[110.253255,-7.64477]},"properties":{"dataset":"umkm","name":"Warung dan laundri  sania","subtitle":"Jasa","padukuhan":"Klangon","address":"Padukuhan Klangon, RT 28 RW 14","facets":["Jasa"],"details":[{"label":"Pemilik","value":"Sulis"}],"phone":null,"photos":["/photos/umkm/879019531-depan.webp","/photos/umkm/879019531-samping.webp"],"gpsPrecision":3.76}},{"type":"Feature","id":"879019546","geometry":{"type":"Point","coordinates":[110.253358,-7.644467]},"properties":{"dataset":"umkm","name":"Bus nareswari","subtitle":"Jasa","padukuhan":"Klangon","address":"Padukuhan Klangon, RT 28 RW 14","facets":["Jasa"],"details":[{"label":"Pemilik","value":"Heru setiawan"},{"label":"Keterangan","value":"Persewaan bis wisata"}],"phone":null,"photos":["/photos/umkm/879019546-depan.webp","/photos/umkm/879019546-samping.webp"],"gpsPrecision":5}},{"type":"Feature","id":"879019563","geometry":{"type":"Point","coordinates":[110.252945,-7.643937]},"properties":{"dataset":"umkm","name":"Jamu bu Maida","subtitle":"Toko jamu","padukuhan":"Klangon","address":"Padukuhan Klangon, RT 28 RW 14","facets":["Lainnya"],"details":[{"label":"Pemilik","value":"Maida"}],"phone":null,"photos":["/photos/umkm/879019563-depan.webp","/photos/umkm/879019563-samping.webp"],"gpsPrecision":4.966}},{"type":"Feature","id":"879019579","geometry":{"type":"Point","coordinates":[110.253072,-7.64403]},"properties":{"dataset":"umkm","name":"Toko snack pak amin","subtitle":"Kuliner","padukuhan":"Klangon","address":"Padukuhan Klangon, RT 28 RW 14","facets":["Kuliner"],"details":[{"label":"Pemilik","value":"Amin"}],"phone":null,"photos":["/photos/umkm/879019579-depan.webp","/photos/umkm/879019579-samping.webp"],"gpsPrecision":3.8}},{"type":"Feature","id":"879019594","geometry":{"type":"Point","coordinates":[110.253944,-7.642616]},"properties":{"dataset":"umkm","name":"Limas progo","subtitle":"Kuliner","padukuhan":"Klangon","address":"Padukuhan Klangon, RT 28 RW 14","facets":["Kuliner"],"details":[{"label":"Pemilik","value":"Nur setyo"}],"phone":null,"photos":["/photos/umkm/879019594-depan.webp","/photos/umkm/879019594-samping.webp"],"gpsPrecision":4.625}},{"type":"Feature","id":"879019601","geometry":{"type":"Point","coordinates":[110.255083,-7.647398]},"properties":{"dataset":"umkm","name":"Warung bu watik","subtitle":"Rumah Produksi","padukuhan":"Klangon","address":"Padukuhan Klangon, RT 29 RW 14","facets":["Rumah Produksi"],"details":[{"label":"Pemilik","value":"Sedyawati"},{"label":"Produk","value":"Membuat telur asin"},{"label":"Keterangan","value":"Toko kelontong yang menjual hasil bumi dan membuat produk telur asin"}],"phone":null,"photos":["/photos/umkm/879019601-depan.webp","/photos/umkm/879019601-samping.webp"],"gpsPrecision":3.4}},{"type":"Feature","id":"879021052","geometry":{"type":"Point","coordinates":[110.254802,-7.645996]},"properties":{"dataset":"umkm","name":"Gula jawa","subtitle":"Rumah Produksi","padukuhan":"Klangon","address":"Padukuhan Klangon, RT 29 RW 15","facets":["Rumah Produksi"],"details":[{"label":"Pemilik","value":"Sri Salkanah"},{"label":"Produk","value":"Gula Jawa"}],"phone":null,"photos":["/photos/umkm/879021052-depan.webp","/photos/umkm/879021052-samping.webp"],"gpsPrecision":4.675}},{"type":"Feature","id":"879021237","geometry":{"type":"Point","coordinates":[110.255004,-7.647389]},"properties":{"dataset":"umkm","name":"Warung Bakso pak yanto","subtitle":"Kuliner","padukuhan":"Klangon","address":"Padukuhan Klangon, RT 29 RW 14","facets":["Kuliner"],"details":[{"label":"Pemilik","value":"Miyanto"}],"phone":null,"photos":["/photos/umkm/879021237-depan.webp","/photos/umkm/879021237-samping.webp"],"gpsPrecision":4.967}},{"type":"Feature","id":"879021257","geometry":{"type":"Point","coordinates":[110.258063,-7.646892]},"properties":{"dataset":"umkm","name":"Gorengan pak Marsudi","subtitle":"Rumah Produksi","padukuhan":"Klangon","address":"Padukuhan Klangon, RT 30 RW 15","facets":["Rumah Produksi"],"details":[{"label":"Pemilik","value":"Marsudi"},{"label":"Produk","value":"Tempe / Tahu, Kripik"}],"phone":null,"photos":["/photos/umkm/879021257-depan.webp","/photos/umkm/879021257-samping.webp"],"gpsPrecision":4.5}},{"type":"Feature","id":"879021342","geometry":{"type":"Point","coordinates":[110.25775,-7.648613]},"properties":{"dataset":"umkm","name":"Durian yu tum","subtitle":"Pengepul / Penjual Hasil Kebun","padukuhan":"Klangon","address":"Padukuhan Klangon, RT 31 RW 15","facets":["Pengepul / Penjual Hasil Kebun"],"details":[{"label":"Pemilik","value":"Hasyim"},{"label":"Komoditas","value":"Durian"}],"phone":null,"photos":["/photos/umkm/879021342-depan.webp","/photos/umkm/879021342-samping.webp"],"gpsPrecision":4.549}},{"type":"Feature","id":"879021394","geometry":{"type":"Point","coordinates":[110.253347,-7.644817]},"properties":{"dataset":"umkm","name":"Ayam geprek","subtitle":"Kuliner","padukuhan":"Klangon","address":"Padukuhan Klangon, RT 29 RW 14","facets":["Kuliner"],"details":[{"label":"Pemilik","value":"Iwan"}],"phone":null,"photos":["/photos/umkm/879021394-depan.webp","/photos/umkm/879021394-samping.webp"],"gpsPrecision":2.3}},{"type":"Feature","id":"879021436","geometry":{"type":"Point","coordinates":[110.253378,-7.644322]},"properties":{"dataset":"umkm","name":"Bengkel pak Dani","subtitle":"Bengkel","padukuhan":"Klangon","address":"Padukuhan Klangon, RT 28 RW 14","facets":["Bengkel"],"details":[{"label":"Pemilik","value":"Dani"}],"phone":null,"photos":["/photos/umkm/879021436-depan.webp","/photos/umkm/879021436-samping.webp"],"gpsPrecision":3.924}},{"type":"Feature","id":"879030358","geometry":{"type":"Point","coordinates":[110.26161,-7.670751]},"properties":{"dataset":"umkm","name":"Angkringan kali cangkring","subtitle":"Kuliner","padukuhan":"Banjaran","address":"Padukuhan Banjaran, RT 11 RW 6","facets":["Kuliner"],"details":[{"label":"Pemilik","value":"Riswanti"}],"phone":null,"photos":["/photos/umkm/879030358-depan.webp","/photos/umkm/879030358-samping.webp"],"gpsPrecision":4.804}},{"type":"Feature","id":"879032190","geometry":{"type":"Point","coordinates":[110.232038,-7.654869]},"properties":{"dataset":"umkm","name":"slondok Anindya","subtitle":"Rumah Produksi","padukuhan":"Dlingseng","address":"Padukuhan Dlingseng, RT 43 RW 21","facets":["Rumah Produksi"],"details":[{"label":"Pemilik","value":"MARSILAH"},{"label":"Produk","value":"Slondok"},{"label":"Keterangan","value":"slondok gethuk"}],"phone":null,"photos":["/photos/umkm/879032190-depan.webp","/photos/umkm/879032190-samping.webp","/photos/umkm/879032190-lainnya.webp"],"gpsPrecision":4.592}},{"type":"Feature","id":"879354528","geometry":{"type":"Point","coordinates":[110.256162,-7.652717]},"properties":{"dataset":"umkm","name":"Penjahit Atun","subtitle":"Jasa","padukuhan":"Potronalan","address":"Padukuhan Potronalan, RT 27 RW 13","facets":["Jasa"],"details":[{"label":"Pemilik","value":"Waqidatun solikah"},{"label":"Keterangan","value":"penjahit baju dan sejenisnya"}],"phone":null,"photos":["/photos/umkm/879354528-depan.webp","/photos/umkm/879354528-samping.webp"],"gpsPrecision":4.54}},{"type":"Feature","id":"879354532","geometry":{"type":"Point","coordinates":[110.255888,-7.652877]},"properties":{"dataset":"umkm","name":"Durian Pak Cempli","subtitle":"Pengepul / Penjual Hasil Kebun","padukuhan":"Potronalan","address":"Padukuhan Potronalan, RT 27 RW 13","facets":["Pengepul / Penjual Hasil Kebun"],"details":[{"label":"Pemilik","value":"Panguadin"},{"label":"Komoditas","value":"Durian"},{"label":"Keterangan","value":"Menjual Durian lokal asli Kalibawang, bisa dipesan dan bergaransi. Buka setiap musim durian"}],"phone":"083138215017","photos":["/photos/umkm/879354532-depan.webp","/photos/umkm/879354532-samping.webp"],"gpsPrecision":4.56}},{"type":"Feature","id":"879358424","geometry":{"type":"Point","coordinates":[110.217343,-7.661259]},"properties":{"dataset":"umkm","name":"Rengginang lestari","subtitle":"Rumah Produksi","padukuhan":"Tanjung","address":"Padukuhan Tanjung, RT 56 RW 27","facets":["Rumah Produksi"],"details":[{"label":"Pemilik","value":"Margiyanto/warsini"},{"label":"Produk","value":"Rengginang singkong"},{"label":"Keterangan","value":"Produksi rengginang singkong di jual di toko kelontong ato warga sekitar"},{"label":"Nomor PIRT","value":"0906230029675"},{"label":"Sertifikat halal","value":"0906230029675"}],"phone":"083108844757","photos":["/photos/umkm/879358424-depan.webp","/photos/umkm/879358424-samping.webp","/photos/umkm/879358424-lainnya.webp"],"gpsPrecision":8.149}},{"type":"Feature","id":"879358464","geometry":{"type":"Point","coordinates":[110.218446,-7.660492]},"properties":{"dataset":"umkm","name":"Warung mbah edi/kasini","subtitle":"Toko Kelontong","padukuhan":"Tanjung","address":"Padukuhan Tanjung, RT 56 RW 27","facets":["Toko Kelontong"],"details":[{"label":"Pemilik","value":"Edi wiyanto/kasini"},{"label":"Keterangan","value":"Toko kelontong, pengepul pisang dan hasil kebun lainya"}],"phone":null,"photos":["/photos/umkm/879358464-depan.webp","/photos/umkm/879358464-samping.webp","/photos/umkm/879358464-lainnya.webp"],"gpsPrecision":4.978}},{"type":"Feature","id":"879358495","geometry":{"type":"Point","coordinates":[110.218168,-7.660341]},"properties":{"dataset":"umkm","name":"Narwiyah","subtitle":"Rumah Produksi","padukuhan":"Tanjung","address":"Padukuhan Tanjung, RT 56 RW 27","facets":["Rumah Produksi"],"details":[{"label":"Pemilik","value":"Dul rohmat/narwiyah"},{"label":"Produk","value":"Gebleg"},{"label":"Keterangan","value":"Produksi gebleg"}],"phone":null,"photos":["/photos/umkm/879358495-depan.webp","/photos/umkm/879358495-samping.webp"],"gpsPrecision":4.994}},{"type":"Feature","id":"879368551","geometry":{"type":"Point","coordinates":[110.255981,-7.652783]},"properties":{"dataset":"umkm","name":"Angkutan sendang sono","subtitle":"Jasa","padukuhan":"Potronalan","address":"Padukuhan Potronalan, RT 24 RW 26","facets":["Jasa"],"details":[{"label":"Pemilik","value":"Norika Wibowo"},{"label":"Keterangan","value":"tempat pemesanan shutle angkutan ziarah Sendang sono, bisa dipesan sebelum kedatangan. angkutan ready 24 jam"}],"phone":"088232813609","photos":["/photos/umkm/879368551-depan.webp","/photos/umkm/879368551-samping.webp"],"gpsPrecision":4.32}},{"type":"Feature","id":"879468257","geometry":{"type":"Point","coordinates":[110.255088,-7.652402]},"properties":{"dataset":"umkm","name":"Tempe tradisional Ny Sumi","subtitle":"Rumah Produksi","padukuhan":"Potronalan","address":"Padukuhan Potronalan, RT 24 RW 12","facets":["Rumah Produksi"],"details":[{"label":"Pemilik","value":"Sumiyatin"},{"label":"Produk","value":"Tempe / Tahu"},{"label":"Keterangan","value":"tempat produksi tempe tradisional yang masih dibungkus daun pisang. dijual di pasar Jagalan. bisa pesan langsung."}],"phone":"08814154401","photos":["/photos/umkm/879468257-depan.webp","/photos/umkm/879468257-samping.webp"],"gpsPrecision":4.98}},{"type":"Feature","id":"879468273","geometry":{"type":"Point","coordinates":[110.255595,-7.651867]},"properties":{"dataset":"umkm","name":"D n S snack","subtitle":"Rumah Produksi","padukuhan":"Potronalan","address":"Padukuhan Potronalan, RT 24 RW 12","facets":["Rumah Produksi"],"details":[{"label":"Pemilik","value":"Dwi Widiyanti"},{"label":"Produk","value":"produksi camilan tradisional"},{"label":"Keterangan","value":"tempat produksi makanan tradisional contoh Gabin, legendar, risol dll. menerima pesanan"}],"phone":"083869200172","photos":["/photos/umkm/879468273-depan.webp","/photos/umkm/879468273-samping.webp"],"gpsPrecision":4.84}},{"type":"Feature","id":"879468292","geometry":{"type":"Point","coordinates":[110.255088,-7.651933]},"properties":{"dataset":"umkm","name":"Jenang De Dah","subtitle":"Rumah Produksi","padukuhan":"Potronalan","address":"Padukuhan Potronalan, RT 24 RW 12","facets":["Rumah Produksi"],"details":[{"label":"Pemilik","value":"Ruwaidah"},{"label":"Produk","value":"Jenang"},{"label":"Keterangan","value":"produksi jenang dan krasikan , menerima pesanan"},{"label":"Sertifikat halal","value":"id34110015763910124"}],"phone":"083136063058","photos":["/photos/umkm/879468292-depan.webp","/photos/umkm/879468292-samping.webp"],"gpsPrecision":4.98}},{"type":"Feature","id":"879468333","geometry":{"type":"Point","coordinates":[110.254917,-7.65187]},"properties":{"dataset":"umkm","name":"Vicky food dan Home stay","subtitle":"Kuliner","padukuhan":"Potronalan","address":"Padukuhan Potronalan, RT 24 RW 12","facets":["Kuliner"],"details":[{"label":"Pemilik","value":"Vicky budi Prasetyo"},{"label":"Keterangan","value":"Tempat produksi somay yang dijual keliling, juga homestay bisa untuk keluarga"}],"phone":"085694090727","photos":["/photos/umkm/879468333-depan.webp","/photos/umkm/879468333-samping.webp"],"gpsPrecision":4.983}},{"type":"Feature","id":"879468369","geometry":{"type":"Point","coordinates":[110.253897,-7.654573]},"properties":{"dataset":"umkm","name":"Slondok Bu Siti","subtitle":"Rumah Produksi","padukuhan":"Potronalan","address":"Padukuhan Potronalan, RT 24 RW 12","facets":["Rumah Produksi"],"details":[{"label":"Pemilik","value":"Purwanto"},{"label":"Produk","value":"Slondok"},{"label":"Keterangan","value":"tempat produksi slondok, bisa menerima pesanan"}],"phone":"088221734980","photos":["/photos/umkm/879468369-depan.webp","/photos/umkm/879468369-samping.webp"],"gpsPrecision":4.88}},{"type":"Feature","id":"879468386","geometry":{"type":"Point","coordinates":[110.254848,-7.65473]},"properties":{"dataset":"umkm","name":"Jonggol Motor","subtitle":"Bengkel","padukuhan":"Potronalan","address":"Padukuhan Potronalan, RT 26 RW 12","facets":["Bengkel"],"details":[{"label":"Pemilik","value":"Nuryadi"},{"label":"Keterangan","value":"bengkel service sepeda motor, juga menyediakan sparepart"}],"phone":"0818468148","photos":["/photos/umkm/879468386-depan.webp","/photos/umkm/879468386-samping.webp"],"gpsPrecision":4.94}},{"type":"Feature","id":"879476373","geometry":{"type":"Point","coordinates":[110.254793,-7.65477]},"properties":{"dataset":"umkm","name":"Hari Bamboo","subtitle":"Rumah Produksi","padukuhan":"Potronalan","address":"Padukuhan Potronalan, RT 26 RW 12","facets":["Rumah Produksi"],"details":[{"label":"Pemilik","value":"Haryadi"},{"label":"Produk","value":"Anyaman Bambu"},{"label":"Keterangan","value":"tempat produksi mebel anyaman bambu"}],"phone":"088980855445","photos":["/photos/umkm/879476373-depan.webp","/photos/umkm/879476373-samping.webp"],"gpsPrecision":4.76}},{"type":"Feature","id":"879523152","geometry":{"type":"Point","coordinates":[110.261752,-7.655384]},"properties":{"dataset":"umkm","name":"Gula Jawa Bu Lestari","subtitle":"Rumah Produksi","padukuhan":"Slanden","address":"Padukuhan Slanden, RT 15 RW 8","facets":["Rumah Produksi"],"details":[{"label":"Pemilik","value":"Anik Lestari"},{"label":"Produk","value":"Gula Jawa"},{"label":"Keterangan","value":"Terima pesanan gula jawa partai besar dan kecil"},{"label":"Sertifikat halal","value":"ID 34110007072630823"}],"phone":"085868231079","photos":["/photos/umkm/879523152-depan.webp","/photos/umkm/879523152-samping.webp"],"gpsPrecision":4.847}},{"type":"Feature","id":"879652060","geometry":{"type":"Point","coordinates":[110.233806,-7.654662]},"properties":{"dataset":"umkm","name":"Slondok Jelita","subtitle":"Rumah Produksi","padukuhan":"Dlingseng","address":"Padukuhan Dlingseng, RT 44 RW 21","facets":["Rumah Produksi"],"details":[{"label":"Pemilik","value":"Purwati"},{"label":"Produk","value":"Slondok"}],"phone":null,"photos":["/photos/umkm/879652060-depan.webp","/photos/umkm/879652060-samping.webp","/photos/umkm/879652060-lainnya.webp"],"gpsPrecision":4.931}},{"type":"Feature","id":"879839524","geometry":{"type":"Point","coordinates":[110.260883,-7.671258]},"properties":{"dataset":"umkm","name":"Pangkalan LPG erfan ahmad effendi","subtitle":"Pangkalan LPG","padukuhan":"Banjaran","address":"Padukuhan Banjaran, RT 11 RW 6","facets":["Lainnya"],"details":[{"label":"Pemilik","value":"Erfan ahmad effendi"},{"label":"Nomor PIRT","value":"4556721026241030"}],"phone":null,"photos":["/photos/umkm/879839524-depan.webp","/photos/umkm/879839524-samping.webp"],"gpsPrecision":4.638}},{"type":"Feature","id":"879856338","geometry":{"type":"Point","coordinates":[110.226349,-7.666654]},"properties":{"dataset":"umkm","name":"Warung makan simbok pojok","subtitle":"Kuliner","padukuhan":"Semagung","address":"Padukuhan Semagung, RT 62 RW 30","facets":["Kuliner"],"details":[{"label":"Pemilik","value":"Emanuel desi ari nugrogo"},{"label":"Keterangan","value":"Menyediakan tongseng B1 & B2 nasi goreng, dll.. buka pagi sampai malam"}],"phone":null,"photos":["/photos/umkm/879856338-depan.webp","/photos/umkm/879856338-samping.webp","/photos/umkm/879856338-lainnya.webp"],"gpsPrecision":4.942}},{"type":"Feature","id":"879858610","geometry":{"type":"Point","coordinates":[110.251954,-7.644197]},"properties":{"dataset":"umkm","name":"UMKM","subtitle":"Kuliner","padukuhan":"Beji","address":"Padukuhan Beji, RT 35 RW 17","facets":["Kuliner"],"details":[{"label":"Pemilik","value":"Suryani"},{"label":"Keterangan","value":"Apem beras,gorengan,arem arem,lemper"}],"phone":"0882003670405","photos":["/photos/umkm/879858610-depan.webp","/photos/umkm/879858610-samping.webp"],"gpsPrecision":4.946}},{"type":"Feature","id":"879858635","geometry":{"type":"Point","coordinates":[110.252595,-7.644293]},"properties":{"dataset":"umkm","name":"UMKM","subtitle":"Kuliner","padukuhan":"Beji","address":"Padukuhan Beji, RT 35 RW 17","facets":["Kuliner"],"details":[{"label":"Pemilik","value":"Suminem"},{"label":"Keterangan","value":"Gorengan, apem , kukis"}],"phone":"085931458319","photos":["/photos/umkm/879858635-depan.webp","/photos/umkm/879858635-samping.webp"],"gpsPrecision":4.633}},{"type":"Feature","id":"879858653","geometry":{"type":"Point","coordinates":[110.252346,-7.644344]},"properties":{"dataset":"umkm","name":"UMKM","subtitle":"Kuliner","padukuhan":"Beji","address":"Padukuhan Beji, RT 35 RW 17","facets":["Kuliner"],"details":[{"label":"Pemilik","value":"Partini"},{"label":"Keterangan","value":"Gatit, tiwul, tape"}],"phone":"087870004797","photos":["/photos/umkm/879858653-depan.webp","/photos/umkm/879858653-samping.webp"],"gpsPrecision":4.973}},{"type":"Feature","id":"879858666","geometry":{"type":"Point","coordinates":[110.252154,-7.64475]},"properties":{"dataset":"umkm","name":"UMKM","subtitle":"Kuliner","padukuhan":"Beji","address":"Padukuhan Beji, RT 35 RW 17","facets":["Kuliner"],"details":[{"label":"Pemilik","value":"Siti Ngaisah"},{"label":"Keterangan","value":"Gorengan, apem, putu ayu, kue lumpur, arem arem, lemper, martabak, pukis, coro bikan, riasoles"},{"label":"Nomor PIRT","value":"^"}],"phone":"087719755376","photos":["/photos/umkm/879858666-depan.webp","/photos/umkm/879858666-samping.webp"],"gpsPrecision":4.883}},{"type":"Feature","id":"879858690","geometry":{"type":"Point","coordinates":[110.252309,-7.644743]},"properties":{"dataset":"umkm","name":"UMKM","subtitle":"Kuliner","padukuhan":"Beji","address":"Padukuhan Beji, RT 35 RW 17","facets":["Kuliner"],"details":[{"label":"Pemilik","value":"Antiwati"},{"label":"Keterangan","value":"Nasi rames,sayuran matang dan lauk matang"}],"phone":"08917711721","photos":["/photos/umkm/879858690-depan.webp","/photos/umkm/879858690-samping.webp"],"gpsPrecision":4.886}},{"type":"Feature","id":"879858704","geometry":{"type":"Point","coordinates":[110.252458,-7.644722]},"properties":{"dataset":"umkm","name":"UMKM","subtitle":"Kuliner","padukuhan":"Beji","address":"Padukuhan Beji, RT 35 RW 17","facets":["Kuliner"],"details":[{"label":"Pemilik","value":"Mulyanti"},{"label":"Keterangan","value":"Bubur sayur,jenang candil, bubur sum sum"}],"phone":"083845863944","photos":["/photos/umkm/879858704-depan.webp","/photos/umkm/879858704-samping.webp"],"gpsPrecision":3.938}},{"type":"Feature","id":"879858731","geometry":{"type":"Point","coordinates":[110.252315,-7.645367]},"properties":{"dataset":"umkm","name":"Kios Sandal Pak Yanto","subtitle":"Jualan sandal, tas","padukuhan":"Beji","address":"Padukuhan Beji, RT 35 RW 17","facets":["Lainnya"],"details":[{"label":"Pemilik","value":"Hariyanto"},{"label":"Keterangan","value":"Jualan tas, sandal"}],"phone":"083867055041","photos":["/photos/umkm/879858731-depan.webp","/photos/umkm/879858731-samping.webp"],"gpsPrecision":4.722}},{"type":"Feature","id":"879858743","geometry":{"type":"Point","coordinates":[110.252648,-7.6455]},"properties":{"dataset":"umkm","name":"Toko Ceria","subtitle":"Toko Kelontong","padukuhan":"Beji","address":"Padukuhan Beji, RT 35 RW 17","facets":["Toko Kelontong"],"details":[{"label":"Pemilik","value":"Sumarni"},{"label":"Keterangan","value":"Sembako"}],"phone":"085258634217","photos":["/photos/umkm/879858743-depan.webp","/photos/umkm/879858743-samping.webp"],"gpsPrecision":4.957}},{"type":"Feature","id":"879872968","geometry":{"type":"Point","coordinates":[110.226378,-7.666723]},"properties":{"dataset":"umkm","name":"Toko talenta art menyediakan benda rohani dan produksi benda benda rohani","subtitle":"Produksi & toko","padukuhan":"Semagung","address":"Padukuhan Semagung, RT 62 RW 30","facets":["Lainnya"],"details":[{"label":"Pemilik","value":"Yohanes ariyadi"},{"label":"Keterangan","value":"Toko talenta art menyediakan benda rohani dan produksi benda benda rohani dari kayu dan fiber di jual sebagian toko sebagian luar jawa"}],"phone":"081392164144","photos":["/photos/umkm/879872968-depan.webp","/photos/umkm/879872968-samping.webp","/photos/umkm/879872968-lainnya.webp"],"gpsPrecision":4.975}},{"type":"Feature","id":"879876209","geometry":{"type":"Point","coordinates":[110.21742,-7.651453]},"properties":{"dataset":"umkm","name":"Tangan Ibu","subtitle":"Rumah Produksi","padukuhan":"Duren Sawit","address":"Padukuhan Duren Sawit, RT 52 RW 25","facets":["Rumah Produksi"],"details":[{"label":"Pemilik","value":"Bp. Supratus Rusdiantoro"},{"label":"Produk","value":"Kerajinan Kertas Bahan baku Debog Pisang"},{"label":"Keterangan","value":"Perkumpulan ibu-ibu, berinovasi memproduksi Kertas Dari Bahan Baku Debog Pisang"}],"phone":"082325493222","photos":["/photos/umkm/879876209-depan.webp","/photos/umkm/879876209-samping.webp","/photos/umkm/879876209-lainnya.webp"],"gpsPrecision":4.885}},{"type":"Feature","id":"879896058","geometry":{"type":"Point","coordinates":[110.22617,-7.667554]},"properties":{"dataset":"umkm","name":"Toko stasi 13","subtitle":"Toko stasi 13 benda rohani","padukuhan":"Semagung","address":"Padukuhan Semagung, RT 64 RW 31","facets":["Lainnya"],"details":[{"label":"Pemilik","value":"Agustina anjarhandani"},{"label":"Keterangan","value":"Menyediakan sovenir rohani buka pagi 07.00 - 17.00 sore"}],"phone":"08139233554","photos":["/photos/umkm/879896058-depan.webp","/photos/umkm/879896058-samping.webp"],"gpsPrecision":4.988}},{"type":"Feature","id":"879896089","geometry":{"type":"Point","coordinates":[110.226112,-7.66732]},"properties":{"dataset":"umkm","name":"Joglo sendang","subtitle":"Kuliner","padukuhan":"Semagung","address":"Padukuhan Semagung, RT 64 RW 31","facets":["Kuliner"],"details":[{"label":"Pemilik","value":"Agustina anjar handayani"},{"label":"Keterangan","value":"Warung makan babi, dll buka 08.00 -18.00"}],"phone":"08139233554","photos":["/photos/umkm/879896089-depan.webp","/photos/umkm/879896089-samping.webp"],"gpsPrecision":4.581}},{"type":"Feature","id":"879896151","geometry":{"type":"Point","coordinates":[110.225556,-7.6682]},"properties":{"dataset":"umkm","name":"Gubuk ibu kita","subtitle":"Toko sovenir rohani, rumah makan, penginapan","padukuhan":"Semagung","address":"Padukuhan Semagung, RT 64 RW 31","facets":["Lainnya"],"details":[{"label":"Pemilik","value":"Aluisiya kartini"},{"label":"Keterangan","value":"Menyediakan sovenir rohani, rumah makan, penginapan"}],"phone":"081229556999","photos":["/photos/umkm/879896151-depan.webp","/photos/umkm/879896151-samping.webp"],"gpsPrecision":4.91}},{"type":"Feature","id":"879896184","geometry":{"type":"Point","coordinates":[110.226198,-7.666985]},"properties":{"dataset":"umkm","name":"Jual makanan ringan/ oleh-oleh","subtitle":"Kuliner","padukuhan":"Semagung","address":"Padukuhan Semagung, RT 63 RW 30","facets":["Kuliner"],"details":[{"label":"Pemilik","value":"Exnasia sartini"},{"label":"Keterangan","value":"Jual oleh-oleh slondok, gula jawa dll"}],"phone":null,"photos":["/photos/umkm/879896184-depan.webp","/photos/umkm/879896184-samping.webp"],"gpsPrecision":4.702}},{"type":"Feature","id":"879896217","geometry":{"type":"Point","coordinates":[110.226071,-7.666988]},"properties":{"dataset":"umkm","name":"Semanggen","subtitle":"Toko sovenir dan rumah makan","padukuhan":"Semagung","address":"Padukuhan Semagung, RT 64 RW 31","facets":["Lainnya"],"details":[{"label":"Pemilik","value":"Maria margareta yuniarti"},{"label":"Keterangan","value":"Sovenir rohani dan rumah makan babi"}],"phone":"081228422499","photos":["/photos/umkm/879896217-depan.webp","/photos/umkm/879896217-samping.webp"],"gpsPrecision":4.95}},{"type":"Feature","id":"879896273","geometry":{"type":"Point","coordinates":[110.226268,-7.666915]},"properties":{"dataset":"umkm","name":"Warung & bengkel motor","subtitle":"Toko Kelontong","padukuhan":"Semagung","address":"Padukuhan Semagung, RT 63 RW 30","facets":["Toko Kelontong"],"details":[{"label":"Pemilik","value":"Maria anjelina"},{"label":"Keterangan","value":"Toko sembako dan bengkel motor"}],"phone":"081227980673","photos":["/photos/umkm/879896273-depan.webp","/photos/umkm/879896273-samping.webp"],"gpsPrecision":4.8}},{"type":"Feature","id":"879923922","geometry":{"type":"Point","coordinates":[110.25958,-7.658913]},"properties":{"dataset":"umkm","name":"Warung Zanoel","subtitle":"Toko Kelontong","padukuhan":"Slanden","address":"Padukuhan Slanden, RT 17 RW 8","facets":["Toko Kelontong"],"details":[{"label":"Pemilik","value":"Suwarti"}],"phone":null,"photos":["/photos/umkm/879923922-depan.webp","/photos/umkm/879923922-samping.webp"],"gpsPrecision":4.866}},{"type":"Feature","id":"879923941","geometry":{"type":"Point","coordinates":[110.259491,-7.659042]},"properties":{"dataset":"umkm","name":"Zanoel Cell","subtitle":"Konter","padukuhan":"Slanden","address":"Padukuhan Slanden, RT 17 RW 8","facets":["Konter"],"details":[{"label":"Pemilik","value":"Ahmad Yani Setiawan"},{"label":"Keterangan","value":"Jual es teh, Sempol, pulsa, paket data, dan akasesoris hp"}],"phone":"081568444444","photos":["/photos/umkm/879923941-depan.webp","/photos/umkm/879923941-samping.webp","/photos/umkm/879923941-lainnya.webp"],"gpsPrecision":3.8}},{"type":"Feature","id":"879923973","geometry":{"type":"Point","coordinates":[110.259483,-7.658583]},"properties":{"dataset":"umkm","name":"Cemilan Mak e Ayu","subtitle":"Rumah Produksi","padukuhan":"Slanden","address":"Padukuhan Slanden, RT 15 RW 8","facets":["Rumah Produksi"],"details":[{"label":"Pemilik","value":"Trirahayu wahyuningsih"},{"label":"Produk","value":"Slondok"},{"label":"Keterangan","value":"Jual slondok,\nTerima pesanan aneka macam Snack, Roti manis dan jajanan pasar"},{"label":"Nomor PIRT","value":"205340101112929"},{"label":"Sertifikat halal","value":"ID 34110018489870724"}],"phone":"085713122022","photos":["/photos/umkm/879923973-depan.webp","/photos/umkm/879923973-samping.webp","/photos/umkm/879923973-lainnya.webp"],"gpsPrecision":3.7}},{"type":"Feature","id":"879974103","geometry":{"type":"Point","coordinates":[110.249274,-7.651427]},"properties":{"dataset":"umkm","name":"Gula Jawa Ibu Astiyah","subtitle":"Rumah Produksi","padukuhan":"Kempong","address":"Padukuhan Kempong, RT 40 RW 19","facets":["Rumah Produksi"],"details":[{"label":"Pemilik","value":"Ibu Astiyah"},{"label":"Produk","value":"Gula Jawa"}],"phone":null,"photos":["/photos/umkm/879974103-depan.webp","/photos/umkm/879974103-samping.webp","/photos/umkm/879974103-lainnya.webp"],"gpsPrecision":4.766}},{"type":"Feature","id":"879974226","geometry":{"type":"Point","coordinates":[110.249456,-7.651421]},"properties":{"dataset":"umkm","name":"Gula Jawa Ibu Sri Leatari","subtitle":"Rumah Produksi","padukuhan":"Kempong","address":"Padukuhan Kempong, RT 38 RW 19","facets":["Rumah Produksi"],"details":[{"label":"Pemilik","value":"Ibu Sri Lestari"},{"label":"Produk","value":"Gula Jawa"}],"phone":null,"photos":["/photos/umkm/879974226-depan.webp","/photos/umkm/879974226-samping.webp"],"gpsPrecision":4.826}},{"type":"Feature","id":"879974271","geometry":{"type":"Point","coordinates":[110.24993,-7.651519]},"properties":{"dataset":"umkm","name":"Gula Jawa Pak Aris","subtitle":"Rumah Produksi","padukuhan":"Kempong","address":"Padukuhan Kempong, RT 40 RW 19","facets":["Rumah Produksi"],"details":[{"label":"Pemilik","value":"Pak Aris"},{"label":"Produk","value":"Gula Jawa"}],"phone":null,"photos":["/photos/umkm/879974271-depan.webp","/photos/umkm/879974271-samping.webp"],"gpsPrecision":5}},{"type":"Feature","id":"879974643","geometry":{"type":"Point","coordinates":[110.250569,-7.652824]},"properties":{"dataset":"umkm","name":"Gula Jawa Sari Nira","subtitle":"Rumah Produksi","padukuhan":"Kempong","address":"Padukuhan Kempong, RT 40 RW 19","facets":["Rumah Produksi"],"details":[{"label":"Pemilik","value":"Pak Kasmiran"},{"label":"Produk","value":"Gula Jawa"}],"phone":null,"photos":["/photos/umkm/879974643-depan.webp","/photos/umkm/879974643-samping.webp"],"gpsPrecision":3.518}},{"type":"Feature","id":"879974794","geometry":{"type":"Point","coordinates":[110.250859,-7.653222]},"properties":{"dataset":"umkm","name":"Gula Jawa Bu Winarni","subtitle":"Rumah Produksi","padukuhan":"Kempong","address":"Padukuhan Kempong, RT 40 RW 19","facets":["Rumah Produksi"],"details":[{"label":"Pemilik","value":"Bu Winarni"},{"label":"Produk","value":"Gula Jawa"}],"phone":"083874226897","photos":["/photos/umkm/879974794-depan.webp","/photos/umkm/879974794-samping.webp"],"gpsPrecision":4.675}},{"type":"Feature","id":"879975032","geometry":{"type":"Point","coordinates":[110.250604,-7.652887]},"properties":{"dataset":"umkm","name":"Gula Jawa Mama Nisa","subtitle":"Rumah Produksi","padukuhan":"Kempong","address":"Padukuhan Kempong, RT 40 RW 19","facets":["Rumah Produksi"],"details":[{"label":"Pemilik","value":"Ibu Sulastri"},{"label":"Produk","value":"Gula Jawa"}],"phone":null,"photos":["/photos/umkm/879975032-depan.webp","/photos/umkm/879975032-samping.webp"],"gpsPrecision":4.39}},{"type":"Feature","id":"879975234","geometry":{"type":"Point","coordinates":[110.249839,-7.652429]},"properties":{"dataset":"umkm","name":"Gendis Manis","subtitle":"Rumah Produksi","padukuhan":"Kempong","address":"Padukuhan Kempong, RT 40 RW 19","facets":["Rumah Produksi"],"details":[{"label":"Pemilik","value":"Bu Jenjem"},{"label":"Produk","value":"Gula Jawa"}],"phone":null,"photos":["/photos/umkm/879975234-depan.webp","/photos/umkm/879975234-samping.webp"],"gpsPrecision":4.666}},{"type":"Feature","id":"879975364","geometry":{"type":"Point","coordinates":[110.250155,-7.652328]},"properties":{"dataset":"umkm","name":"Gendis Manis Pak Slamet","subtitle":"Rumah Produksi","padukuhan":"Kempong","address":"Padukuhan Kempong, RT 40 RW 19","facets":["Rumah Produksi"],"details":[{"label":"Pemilik","value":"Pak Slamet"},{"label":"Produk","value":"Gula Jawa"}],"phone":null,"photos":["/photos/umkm/879975364-depan.webp","/photos/umkm/879975364-samping.webp"],"gpsPrecision":4.85}},{"type":"Feature","id":"879975505","geometry":{"type":"Point","coordinates":[110.250353,-7.652331]},"properties":{"dataset":"umkm","name":"Gula Jawa Dandi","subtitle":"Rumah Produksi","padukuhan":"Kempong","address":"Padukuhan Kempong, RT 40 RW 19","facets":["Rumah Produksi"],"details":[{"label":"Pemilik","value":"Pak Wandi"},{"label":"Produk","value":"Gula Jawa"}],"phone":null,"photos":["/photos/umkm/879975505-depan.webp","/photos/umkm/879975505-samping.webp","/photos/umkm/879975505-lainnya.webp"],"gpsPrecision":4.533}},{"type":"Feature","id":"880009254","geometry":{"type":"Point","coordinates":[110.261825,-7.658455]},"properties":{"dataset":"umkm","name":"Jenang Zahra","subtitle":"Rumah Produksi","padukuhan":"Slanden","address":"Padukuhan Slanden, RT 15 RW 8","facets":["Rumah Produksi"],"details":[{"label":"Pemilik","value":"Siti Kotimah"},{"label":"Produk","value":"Jenang"},{"label":"Nomor PIRT","value":"160123005558400000002"},{"label":"Sertifikat halal","value":"ID34110001643280223"}],"phone":"085786831276","photos":["/photos/umkm/880009254-depan.webp","/photos/umkm/880009254-samping.webp","/photos/umkm/880009254-lainnya.webp"],"gpsPrecision":3.4}},{"type":"Feature","id":"880091104","geometry":{"type":"Point","coordinates":[110.235825,-7.665677]},"properties":{"dataset":"umkm","name":"TONGSENG JAMU","subtitle":"RUMAH MAKAN tongseng jamu","padukuhan":"Promasan","address":"Padukuhan Promasan, RT 67 RW 32","facets":["Lainnya"],"details":[{"label":"Pemilik","value":"Mbak Sri"}],"phone":null,"photos":["/photos/umkm/880091104-depan.webp","/photos/umkm/880091104-samping.webp"],"gpsPrecision":4.966}},{"type":"Feature","id":"880091425","geometry":{"type":"Point","coordinates":[110.23487,-7.666334]},"properties":{"dataset":"umkm","name":"Toko kelontong Ibu yaminah","subtitle":"Toko Kelontong","padukuhan":"Promasan","address":"Padukuhan Promasan, RT 67 RW 32","facets":["Toko Kelontong"],"details":[{"label":"Pemilik","value":"Bu yaminah"}],"phone":null,"photos":["/photos/umkm/880091425-depan.webp","/photos/umkm/880091425-samping.webp"],"gpsPrecision":4.994}},{"type":"Feature","id":"880104772","geometry":{"type":"Point","coordinates":[110.225403,-7.653802]},"properties":{"dataset":"umkm","name":"Warung bu marti","subtitle":"Toko Kelontong","padukuhan":"Plengan","address":"Padukuhan Plengan, RT 46 RW 22","facets":["Toko Kelontong"],"details":[{"label":"Pemilik","value":"Sumarti"}],"phone":null,"photos":["/photos/umkm/880104772-depan.webp","/photos/umkm/880104772-samping.webp"],"gpsPrecision":5.5}},{"type":"Feature","id":"880104820","geometry":{"type":"Point","coordinates":[110.225428,-7.653726]},"properties":{"dataset":"umkm","name":"Asa sound sistem","subtitle":"Jasa","padukuhan":"Plengan","address":"Padukuhan Plengan, RT 46 RW 22","facets":["Jasa"],"details":[{"label":"Pemilik","value":"Antoko"},{"label":"Keterangan","value":"Persewaan sound dan ligthing"}],"phone":"087838140838","photos":["/photos/umkm/880104820-depan.webp","/photos/umkm/880104820-samping.webp","/photos/umkm/880104820-lainnya.webp"],"gpsPrecision":7}},{"type":"Feature","id":"880182375","geometry":{"type":"Point","coordinates":[110.260901,-7.659709]},"properties":{"dataset":"umkm","name":"Zulfan Snack","subtitle":"Kuliner","padukuhan":"Slanden","address":"Padukuhan Slanden, RT 16 RW 8","facets":["Kuliner"],"details":[{"label":"Pemilik","value":"Siti Fatimah"},{"label":"Keterangan","value":"Menerima pesanan catering, Snack, jajanan pasar, kripik pisang, kripik kimpul"},{"label":"Nomor PIRT","value":"206340101060833"},{"label":"Sertifikat halal","value":"ID 34110002038880323"}],"phone":"081548425231","photos":["/photos/umkm/880182375-depan.webp","/photos/umkm/880182375-samping.webp","/photos/umkm/880182375-lainnya.webp"],"gpsPrecision":4.684}},{"type":"Feature","id":"880182444","geometry":{"type":"Point","coordinates":[110.26098,-7.659253]},"properties":{"dataset":"umkm","name":"Warung Tama","subtitle":"Toko Kelontong","padukuhan":"Slanden","address":"Padukuhan Slanden, RT 15 RW 8","facets":["Toko Kelontong"],"details":[{"label":"Pemilik","value":"Sri Harini"},{"label":"Keterangan","value":"Jual sembako"}],"phone":null,"photos":["/photos/umkm/880182444-depan.webp","/photos/umkm/880182444-samping.webp"],"gpsPrecision":4.9}},{"type":"Feature","id":"880210471","geometry":{"type":"Point","coordinates":[110.249469,-7.651053]},"properties":{"dataset":"umkm","name":"Durian Mbok Lemper","subtitle":"Pengepul / Penjual Hasil Kebun","padukuhan":"Kempong","address":"Padukuhan Kempong, RT 38 RW 19","facets":["Pengepul / Penjual Hasil Kebun"],"details":[{"label":"Pemilik","value":"Bu Lemper"},{"label":"Komoditas","value":"Durian"}],"phone":"087738979476","photos":["/photos/umkm/880210471-depan.webp","/photos/umkm/880210471-samping.webp"],"gpsPrecision":4.755}},{"type":"Feature","id":"880210601","geometry":{"type":"Point","coordinates":[110.249425,-7.650854]},"properties":{"dataset":"umkm","name":"Slondok Pak Supardal","subtitle":"Rumah Produksi","padukuhan":"Kempong","address":"Padukuhan Kempong, RT 38 RW 19","facets":["Rumah Produksi"],"details":[{"label":"Pemilik","value":"Pak Supardal"},{"label":"Produk","value":"Slondok"}],"phone":null,"photos":["/photos/umkm/880210601-depan.webp","/photos/umkm/880210601-samping.webp"],"gpsPrecision":4.294}},{"type":"Feature","id":"880210649","geometry":{"type":"Point","coordinates":[110.249882,-7.650563]},"properties":{"dataset":"umkm","name":"Reni Rias dan Dekor","subtitle":"Jasa","padukuhan":"Kempong","address":"Padukuhan Kempong, RT 39 RW 19","facets":["Jasa"],"details":[{"label":"Pemilik","value":"Sarju"}],"phone":"082134929622","photos":["/photos/umkm/880210649-depan.webp","/photos/umkm/880210649-samping.webp"],"gpsPrecision":4.235}},{"type":"Feature","id":"880210764","geometry":{"type":"Point","coordinates":[110.250156,-7.650474]},"properties":{"dataset":"umkm","name":"Batako Warsono","subtitle":"Rumah Produksi","padukuhan":"Kempong","address":"Padukuhan Kempong, RT 38 RW 19","facets":["Rumah Produksi"],"details":[{"label":"Pemilik","value":"Warsono"},{"label":"Produk","value":"Batako"}],"phone":null,"photos":["/photos/umkm/880210764-depan.webp","/photos/umkm/880210764-samping.webp"],"gpsPrecision":4.5}},{"type":"Feature","id":"880211622","geometry":{"type":"Point","coordinates":[110.249717,-7.650593]},"properties":{"dataset":"umkm","name":"Gula Jawa Pak Asengadi","subtitle":"Rumah Produksi","padukuhan":"Kempong","address":"Padukuhan Kempong, RT 38 RW 19","facets":["Rumah Produksi"],"details":[{"label":"Pemilik","value":"Pak Asengadi"},{"label":"Produk","value":"Gula Jawa"}],"phone":null,"photos":["/photos/umkm/880211622-depan.webp","/photos/umkm/880211622-samping.webp"],"gpsPrecision":4.693}},{"type":"Feature","id":"880211654","geometry":{"type":"Point","coordinates":[110.249588,-7.650562]},"properties":{"dataset":"umkm","name":"Bengkel Pak Anton","subtitle":"Bengkel","padukuhan":"Kempong","address":"Padukuhan Kempong, RT 38 RW 19","facets":["Bengkel"],"details":[{"label":"Pemilik","value":"Pak Anton"}],"phone":null,"photos":["/photos/umkm/880211654-depan.webp","/photos/umkm/880211654-samping.webp"],"gpsPrecision":4.602}},{"type":"Feature","id":"880211693","geometry":{"type":"Point","coordinates":[110.250411,-7.650559]},"properties":{"dataset":"umkm","name":"Tabib","subtitle":"Jasa","padukuhan":"Kempong","address":"Padukuhan Kempong, RT 38 RW 19","facets":["Jasa"],"details":[{"label":"Pemilik","value":"Mas Teguh"}],"phone":null,"photos":["/photos/umkm/880211693-depan.webp","/photos/umkm/880211693-samping.webp"],"gpsPrecision":4.411}},{"type":"Feature","id":"880211759","geometry":{"type":"Point","coordinates":[110.250368,-7.650728]},"properties":{"dataset":"umkm","name":"Gula Jawa Muntalib","subtitle":"Rumah Produksi","padukuhan":"Kempong","address":"Padukuhan Kempong, RT 38 RW 19","facets":["Rumah Produksi"],"details":[{"label":"Pemilik","value":"Muntalib"},{"label":"Produk","value":"Gula Jawa"}],"phone":null,"photos":["/photos/umkm/880211759-depan.webp","/photos/umkm/880211759-samping.webp"],"gpsPrecision":4.5}},{"type":"Feature","id":"880211816","geometry":{"type":"Point","coordinates":[110.250418,-7.650883]},"properties":{"dataset":"umkm","name":"Gula Jawa Samidi","subtitle":"Rumah Produksi","padukuhan":"Kempong","address":"Padukuhan Kempong, RT 38 RW 19","facets":["Rumah Produksi"],"details":[{"label":"Pemilik","value":"Samidi"},{"label":"Produk","value":"Gula Jawa"}],"phone":null,"photos":["/photos/umkm/880211816-depan.webp","/photos/umkm/880211816-samping.webp"],"gpsPrecision":4.448}},{"type":"Feature","id":"880212185","geometry":{"type":"Point","coordinates":[110.251188,-7.651389]},"properties":{"dataset":"umkm","name":"Gula Jawa Pak Sukidi","subtitle":"Rumah Produksi","padukuhan":"Kempong","address":"Padukuhan Kempong, RT 38 RW 19","facets":["Rumah Produksi"],"details":[{"label":"Pemilik","value":"Pak Sukidi"},{"label":"Produk","value":"Gula Jawa"}],"phone":null,"photos":["/photos/umkm/880212185-depan.webp","/photos/umkm/880212185-samping.webp"],"gpsPrecision":4.687}},{"type":"Feature","id":"880212264","geometry":{"type":"Point","coordinates":[110.25057,-7.650926]},"properties":{"dataset":"umkm","name":"Gula Jawa Mba Siti","subtitle":"Rumah Produksi","padukuhan":"Kempong","address":"Padukuhan Kempong, RT 38 RW 19","facets":["Rumah Produksi"],"details":[{"label":"Pemilik","value":"Eswanto"},{"label":"Produk","value":"Gula Jawa"}],"phone":null,"photos":["/photos/umkm/880212264-depan.webp","/photos/umkm/880212264-samping.webp"],"gpsPrecision":3.696}},{"type":"Feature","id":"880212377","geometry":{"type":"Point","coordinates":[110.250825,-7.650708]},"properties":{"dataset":"umkm","name":"Gula Jawa Romiyatun","subtitle":"Rumah Produksi","padukuhan":"Kempong","address":"Padukuhan Kempong, RT 38 RW 19","facets":["Rumah Produksi"],"details":[{"label":"Pemilik","value":"Romiyatun"},{"label":"Produk","value":"Gula Jawa"}],"phone":null,"photos":["/photos/umkm/880212377-depan.webp","/photos/umkm/880212377-samping.webp"],"gpsPrecision":4.973}},{"type":"Feature","id":"880212542","geometry":{"type":"Point","coordinates":[110.250786,-7.650488]},"properties":{"dataset":"umkm","name":"Gula Jawa Kasdori","subtitle":"Rumah Produksi","padukuhan":"Kempong","address":"Padukuhan Kempong, RT 38 RW 19","facets":["Rumah Produksi"],"details":[{"label":"Pemilik","value":"Kasdori"},{"label":"Produk","value":"Gula Jawa"}],"phone":null,"photos":["/photos/umkm/880212542-depan.webp","/photos/umkm/880212542-samping.webp"],"gpsPrecision":4.843}},{"type":"Feature","id":"880212579","geometry":{"type":"Point","coordinates":[110.250506,-7.65048]},"properties":{"dataset":"umkm","name":"Gula Jawa Rusmanto","subtitle":"Rumah Produksi","padukuhan":"Kempong","address":"Padukuhan Kempong, RT 38 RW 19","facets":["Rumah Produksi"],"details":[{"label":"Pemilik","value":"Rusmanto"},{"label":"Produk","value":"Gula Jawa"}],"phone":null,"photos":["/photos/umkm/880212579-depan.webp","/photos/umkm/880212579-samping.webp"],"gpsPrecision":4.5}},{"type":"Feature","id":"880213094","geometry":{"type":"Point","coordinates":[110.249768,-7.65002]},"properties":{"dataset":"umkm","name":"Gula Jawa Sukamni","subtitle":"Rumah Produksi","padukuhan":"Kempong","address":"Padukuhan Kempong, RT 38 RW 19","facets":["Rumah Produksi"],"details":[{"label":"Pemilik","value":"Sukamni"},{"label":"Produk","value":"Gula Jawa"}],"phone":null,"photos":["/photos/umkm/880213094-depan.webp","/photos/umkm/880213094-samping.webp"],"gpsPrecision":4.459}},{"type":"Feature","id":"880213552","geometry":{"type":"Point","coordinates":[110.248997,-7.649724]},"properties":{"dataset":"umkm","name":"Gula Jawa Daryanto","subtitle":"Rumah Produksi","padukuhan":"Kempong","address":"Padukuhan Kempong, RT 38 RW 19","facets":["Rumah Produksi"],"details":[{"label":"Pemilik","value":"Daryanto"},{"label":"Produk","value":"Gula Jawa"}],"phone":null,"photos":["/photos/umkm/880213552-depan.webp","/photos/umkm/880213552-samping.webp"],"gpsPrecision":4.859}},{"type":"Feature","id":"880213608","geometry":{"type":"Point","coordinates":[110.249125,-7.649662]},"properties":{"dataset":"umkm","name":"Gula Jawa Suradi","subtitle":"Rumah Produksi","padukuhan":"Kempong","address":"Padukuhan Kempong, RT 38 RW 19","facets":["Rumah Produksi"],"details":[{"label":"Pemilik","value":"Suradi"},{"label":"Produk","value":"Gula Jawa"}],"phone":null,"photos":["/photos/umkm/880213608-depan.webp","/photos/umkm/880213608-samping.webp"],"gpsPrecision":4.777}},{"type":"Feature","id":"880213710","geometry":{"type":"Point","coordinates":[110.249604,-7.64956]},"properties":{"dataset":"umkm","name":"Gula Jawa Muhkasmin","subtitle":"Rumah Produksi","padukuhan":"Kempong","address":"Padukuhan Kempong, RT 38 RW 19","facets":["Rumah Produksi"],"details":[{"label":"Pemilik","value":"Muhkasmin"},{"label":"Produk","value":"Gula Jawa"}],"phone":null,"photos":["/photos/umkm/880213710-depan.webp","/photos/umkm/880213710-samping.webp"],"gpsPrecision":4.316}},{"type":"Feature","id":"880213868","geometry":{"type":"Point","coordinates":[110.249084,-7.64991]},"properties":{"dataset":"umkm","name":"Gula Jawa Pak Robin","subtitle":"Rumah Produksi","padukuhan":"Kempong","address":"Padukuhan Kempong, RT 38 RW 19","facets":["Rumah Produksi"],"details":[{"label":"Pemilik","value":"Pak Rebin"},{"label":"Produk","value":"Gula Jawa"}],"phone":null,"photos":["/photos/umkm/880213868-depan.webp","/photos/umkm/880213868-samping.webp"],"gpsPrecision":3.24}},{"type":"Feature","id":"880213956","geometry":{"type":"Point","coordinates":[110.249054,-7.650915]},"properties":{"dataset":"umkm","name":"Gula Jawa Pariyem","subtitle":"Rumah Produksi","padukuhan":"Kempong","address":"Padukuhan Kempong, RT 38 RW 19","facets":["Rumah Produksi"],"details":[{"label":"Pemilik","value":"Pariyem"},{"label":"Produk","value":"Gula Jawa"}],"phone":null,"photos":["/photos/umkm/880213956-depan.webp","/photos/umkm/880213956-samping.webp"],"gpsPrecision":4.586}},{"type":"Feature","id":"880317755","geometry":{"type":"Point","coordinates":[110.259104,-7.650331]},"properties":{"dataset":"umkm","name":"Tape pak Arwen","subtitle":"Rumah Produksi","padukuhan":"Klangon","address":"Padukuhan Klangon, RT 31 RW 15","facets":["Rumah Produksi"],"details":[{"label":"Pemilik","value":"Arwen Prasetyo"},{"label":"Produk","value":"Tape"},{"label":"Keterangan","value":"Membuat tape disetor ke pembuatan permen tape"}],"phone":null,"photos":["/photos/umkm/880317755-depan.webp","/photos/umkm/880317755-samping.webp","/photos/umkm/880317755-lainnya.webp"],"gpsPrecision":4.92}},{"type":"Feature","id":"880317785","geometry":{"type":"Point","coordinates":[110.258537,-7.649928]},"properties":{"dataset":"umkm","name":"Warung bu genduk","subtitle":"Toko Kelontong","padukuhan":"Klangon","address":"Padukuhan Klangon, RT 31 RW 15","facets":["Toko Kelontong"],"details":[{"label":"Pemilik","value":"Jarkasi"}],"phone":null,"photos":["/photos/umkm/880317785-depan.webp","/photos/umkm/880317785-samping.webp"],"gpsPrecision":4.962}},{"type":"Feature","id":"880320518","geometry":{"type":"Point","coordinates":[110.253611,-7.645144]},"properties":{"dataset":"umkm","name":"Warung makan Nasi goreng bu Datik","subtitle":"Kuliner","padukuhan":"Klangon","address":"Padukuhan Klangon, RT 28 RW 14","facets":["Kuliner"],"details":[{"label":"Pemilik","value":"Kholik arifin"},{"label":"Keterangan","value":"Warung makan dan menjual hasil bumi"}],"phone":null,"photos":["/photos/umkm/880320518-depan.webp","/photos/umkm/880320518-samping.webp"],"gpsPrecision":4.433}},{"type":"Feature","id":"880320537","geometry":{"type":"Point","coordinates":[110.253519,-7.644932]},"properties":{"dataset":"umkm","name":"Sri ayam potong","subtitle":"Jual ayam potong","padukuhan":"Klangon","address":"Padukuhan Klangon, RT 28 RW 14","facets":["Lainnya"],"details":[{"label":"Pemilik","value":"Sri"},{"label":"Keterangan","value":"Menjual ayam potong di pasar jagalan"}],"phone":null,"photos":["/photos/umkm/880320537-depan.webp","/photos/umkm/880320537-samping.webp","/photos/umkm/880320537-lainnya.webp"],"gpsPrecision":4.55}},{"type":"Feature","id":"880320563","geometry":{"type":"Point","coordinates":[110.253626,-7.644863]},"properties":{"dataset":"umkm","name":"Tempe koro bu etik","subtitle":"Kuliner","padukuhan":"Klangon","address":"Padukuhan Klangon, RT 28 RW 14","facets":["Kuliner"],"details":[{"label":"Pemilik","value":"Etik"},{"label":"Keterangan","value":"Membuat tempe koro bacem dijual ke pasar jagalan"}],"phone":null,"photos":["/photos/umkm/880320563-depan.webp","/photos/umkm/880320563-samping.webp","/photos/umkm/880320563-lainnya.webp"],"gpsPrecision":4.55}},{"type":"Feature","id":"880320594","geometry":{"type":"Point","coordinates":[110.253661,-7.644298]},"properties":{"dataset":"umkm","name":"Peyek bu sri","subtitle":"Rumah Produksi","padukuhan":"Klangon","address":"Padukuhan Klangon, RT 28 RW 14","facets":["Rumah Produksi"],"details":[{"label":"Pemilik","value":"Sri"},{"label":"Produk","value":"Rempeyek kacang"}],"phone":null,"photos":["/photos/umkm/880320594-depan.webp","/photos/umkm/880320594-samping.webp","/photos/umkm/880320594-lainnya.webp"],"gpsPrecision":4.362}},{"type":"Feature","id":"880320623","geometry":{"type":"Point","coordinates":[110.253942,-7.645242]},"properties":{"dataset":"umkm","name":"Gula jawa bu tri","subtitle":"Rumah Produksi","padukuhan":"Klangon","address":"Padukuhan Klangon, RT 28 RW 14","facets":["Rumah Produksi"],"details":[{"label":"Pemilik","value":"Tri harni"},{"label":"Produk","value":"Gula Jawa"},{"label":"Keterangan","value":"Membuat gula jawa di jual ke pasar"}],"phone":null,"photos":["/photos/umkm/880320623-depan.webp","/photos/umkm/880320623-samping.webp","/photos/umkm/880320623-lainnya.webp"],"gpsPrecision":4.483}},{"type":"Feature","id":"880324097","geometry":{"type":"Point","coordinates":[110.253592,-7.64392]},"properties":{"dataset":"umkm","name":"Akmal collection","subtitle":"Toko jaket kulit dan tas kulit","padukuhan":"Klangon","address":"Padukuhan Klangon, RT 28 RW 14","facets":["Lainnya"],"details":[{"label":"Pemilik","value":"Ilham"}],"phone":null,"photos":["/photos/umkm/880324097-depan.webp","/photos/umkm/880324097-samping.webp","/photos/umkm/880324097-lainnya.webp"],"gpsPrecision":3.533}},{"type":"Feature","id":"880324468","geometry":{"type":"Point","coordinates":[110.253665,-7.644695]},"properties":{"dataset":"umkm","name":"Jamu bu siti","subtitle":"Jamu tradisional","padukuhan":"Klangon","address":"Padukuhan Klangon, RT 28 RW 14","facets":["Lainnya"],"details":[{"label":"Pemilik","value":"Siti"}],"phone":null,"photos":["/photos/umkm/880324468-depan.webp","/photos/umkm/880324468-samping.webp"],"gpsPrecision":14.211}},{"type":"Feature","id":"880324510","geometry":{"type":"Point","coordinates":[110.253713,-7.645482]},"properties":{"dataset":"umkm","name":"Menoreh mart dan cafe limas","subtitle":"Toko Kelontong","padukuhan":"Klangon","address":"Padukuhan Klangon, RT 28 RW 14","facets":["Toko Kelontong"],"details":[{"label":"Pemilik","value":"Priyo Utomo"}],"phone":null,"photos":["/photos/umkm/880324510-depan.webp","/photos/umkm/880324510-samping.webp"],"gpsPrecision":4.706}},{"type":"Feature","id":"880324557","geometry":{"type":"Point","coordinates":[110.254552,-7.647165]},"properties":{"dataset":"umkm","name":"Toko bu iim","subtitle":"Toko alat tulis dan aksesoris","padukuhan":"Klangon","address":"Padukuhan Klangon, RT 29 RW 14","facets":["Lainnya"],"details":[{"label":"Pemilik","value":"Muslihatun sihim"}],"phone":null,"photos":["/photos/umkm/880324557-depan.webp","/photos/umkm/880324557-samping.webp","/photos/umkm/880324557-lainnya.webp"],"gpsPrecision":3.5}},{"type":"Feature","id":"880324602","geometry":{"type":"Point","coordinates":[110.254655,-7.64727]},"properties":{"dataset":"umkm","name":"Warung bu supiyati","subtitle":"Toko Kelontong","padukuhan":"Klangon","address":"Padukuhan Klangon, RT 29 RW 14","facets":["Toko Kelontong"],"details":[{"label":"Pemilik","value":"pardal"}],"phone":null,"photos":["/photos/umkm/880324602-depan.webp","/photos/umkm/880324602-samping.webp"],"gpsPrecision":4.8}},{"type":"Feature","id":"880324665","geometry":{"type":"Point","coordinates":[110.25502,-7.646925]},"properties":{"dataset":"umkm","name":"Toko barang pak klasin","subtitle":"Toko Kelontong","padukuhan":"Klangon","address":"Padukuhan Klangon, RT 29 RW 14","facets":["Toko Kelontong"],"details":[{"label":"Pemilik","value":"Muhklasin"}],"phone":null,"photos":["/photos/umkm/880324665-depan.webp","/photos/umkm/880324665-samping.webp"],"gpsPrecision":4.364}},{"type":"Feature","id":"880324711","geometry":{"type":"Point","coordinates":[110.254176,-7.645571]},"properties":{"dataset":"umkm","name":"Reparasi tv pak yalek","subtitle":"Jasa","padukuhan":"Klangon","address":"Padukuhan Klangon, RT 28 RW 14","facets":["Jasa"],"details":[{"label":"Pemilik","value":"Royalek susanto"},{"label":"Keterangan","value":"Reparasi televisi"}],"phone":null,"photos":["/photos/umkm/880324711-depan.webp","/photos/umkm/880324711-samping.webp"],"gpsPrecision":4.653}},{"type":"Feature","id":"880348010","geometry":{"type":"Point","coordinates":[110.253575,-7.645113]},"properties":{"dataset":"umkm","name":"Iklas motor","subtitle":"Jasa","padukuhan":"Klangon","address":"Padukuhan Klangon, RT 28 RW 14","facets":["Jasa"],"details":[{"label":"Pemilik","value":"Kholik arifin"},{"label":"Keterangan","value":"Jual beli mobil dan motor"}],"phone":null,"photos":["/photos/umkm/880348010-depan.webp","/photos/umkm/880348010-samping.webp"],"gpsPrecision":4.994}},{"type":"Feature","id":"880348264","geometry":{"type":"Point","coordinates":[110.255442,-7.645905]},"properties":{"dataset":"umkm","name":"Dafit gas","subtitle":"Toko gas elpiji","padukuhan":"Klangon","address":"Padukuhan Klangon, RT 29 RW 14","facets":["Lainnya"],"details":[{"label":"Pemilik","value":"Dafid Zakaria"}],"phone":null,"photos":["/photos/umkm/880348264-depan.webp","/photos/umkm/880348264-samping.webp"],"gpsPrecision":4.64}},{"type":"Feature","id":"880830050","geometry":{"type":"Point","coordinates":[110.247493,-7.662622]},"properties":{"dataset":"umkm","name":"Jasa penggilingan padi","subtitle":"Jasa","padukuhan":"Semawung","address":"Padukuhan Semawung, RT 71 RW 34","facets":["Jasa"],"details":[{"label":"Pemilik","value":"Widaryanta"},{"label":"Keterangan","value":"Jasa penggilingan padi"}],"phone":null,"photos":["/photos/umkm/880830050-depan.webp","/photos/umkm/880830050-samping.webp"],"gpsPrecision":4.851}},{"type":"Feature","id":"880872289","geometry":{"type":"Point","coordinates":[110.227541,-7.669372]},"properties":{"dataset":"umkm","name":"Tikno","subtitle":"Mebel","padukuhan":"Semagung","address":"Padukuhan Semagung, RT 63 RW 30","facets":["Lainnya"],"details":[{"label":"Pemilik","value":"Tikno susanto"},{"label":"Keterangan","value":"Pembuatan mebel dan peti mati"}],"phone":null,"photos":["/photos/umkm/880872289-depan.webp","/photos/umkm/880872289-samping.webp"],"gpsPrecision":4.808}},{"type":"Feature","id":"880872453","geometry":{"type":"Point","coordinates":[110.227635,-7.667831]},"properties":{"dataset":"umkm","name":"Sumaryanto","subtitle":"Kuliner","padukuhan":"Semagung","address":"Padukuhan Semagung, RT 63 RW 30","facets":["Kuliner"],"details":[{"label":"Pemilik","value":"Sumaryanro"},{"label":"Keterangan","value":"Geblek singkong"}],"phone":null,"photos":["/photos/umkm/880872453-depan.webp","/photos/umkm/880872453-samping.webp"],"gpsPrecision":4.681}},{"type":"Feature","id":"881156410","geometry":{"type":"Point","coordinates":[110.259952,-7.669713]},"properties":{"dataset":"umkm","name":"Dapur bik atun","subtitle":"Kuliner","padukuhan":"Banjaran","address":"Padukuhan Banjaran, RT 11 RW 6","facets":["Kuliner"],"details":[{"label":"Pemilik","value":"Aniyatun"}],"phone":"082243882223","photos":["/photos/umkm/881156410-depan.webp","/photos/umkm/881156410-samping.webp"],"gpsPrecision":4.721}},{"type":"Feature","id":"881163386","geometry":{"type":"Point","coordinates":[110.260583,-7.657322]},"properties":{"dataset":"umkm","name":"Slondok Tegar","subtitle":"Rumah Produksi","padukuhan":"Slanden","address":"Padukuhan Slanden, RT 15 RW 8","facets":["Rumah Produksi"],"details":[{"label":"Pemilik","value":"Haryadi"},{"label":"Produk","value":"Slondok"},{"label":"Keterangan","value":"Menerima pesanan Manggleng"},{"label":"Nomor PIRT","value":"220123000803500000001"},{"label":"Sertifikat halal","value":"ID34110001364040223"}],"phone":"0882006606922","photos":["/photos/umkm/881163386-depan.webp","/photos/umkm/881163386-samping.webp"],"gpsPrecision":4.4}},{"type":"Feature","id":"881163464","geometry":{"type":"Point","coordinates":[110.260558,-7.657337]},"properties":{"dataset":"umkm","name":"Slondok Gafara","subtitle":"Rumah Produksi","padukuhan":"Slanden","address":"Padukuhan Slanden, RT 15 RW 8","facets":["Rumah Produksi"],"details":[{"label":"Pemilik","value":"Rusmidal"},{"label":"Produk","value":"Slondok, Kripik"},{"label":"Nomor PIRT","value":"110524003263400000002"},{"label":"Sertifikat halal","value":"ID34110018486120724"}],"phone":"088238511079","photos":["/photos/umkm/881163464-depan.webp","/photos/umkm/881163464-samping.webp"],"gpsPrecision":4}},{"type":"Feature","id":"881163500","geometry":{"type":"Point","coordinates":[110.260538,-7.657338]},"properties":{"dataset":"umkm","name":"Srimping Gafara","subtitle":"Rumah Produksi","padukuhan":"Slanden","address":"Padukuhan Slanden, RT 15 RW 8","facets":["Rumah Produksi"],"details":[{"label":"Pemilik","value":"Rusmidal"},{"label":"Produk","value":"Kripik"},{"label":"Keterangan","value":"Menerima pesanan keripik pisang, keripik singkong"},{"label":"Nomor PIRT","value":"110524003263400000001"},{"label":"Sertifikat halal","value":"ID34110018486120724"}],"phone":"088238511079","photos":["/photos/umkm/881163500-depan.webp","/photos/umkm/881163500-samping.webp"],"gpsPrecision":5}},{"type":"Feature","id":"881163537","geometry":{"type":"Point","coordinates":[110.260688,-7.657248]},"properties":{"dataset":"umkm","name":"Peyek Rezatala","subtitle":"Rumah Produksi","padukuhan":"Slanden","address":"Padukuhan Slanden, RT 15 RW 8","facets":["Rumah Produksi"],"details":[{"label":"Pemilik","value":"Amsanah"},{"label":"Produk","value":"Kripik"}],"phone":"085713474883","photos":["/photos/umkm/881163537-depan.webp","/photos/umkm/881163537-samping.webp"],"gpsPrecision":4.5}},{"type":"Feature","id":"881163675","geometry":{"type":"Point","coordinates":[110.260686,-7.657408]},"properties":{"dataset":"umkm","name":"Slondok Riska","subtitle":"Rumah Produksi","padukuhan":"Slanden","address":"Padukuhan Slanden, RT 15 RW 8","facets":["Rumah Produksi"],"details":[{"label":"Pemilik","value":"Walmuji"},{"label":"Produk","value":"Slondok"},{"label":"Nomor PIRT","value":"080623006718200010001"},{"label":"Sertifikat halal","value":"ID34110017832160524"}],"phone":"081548987292","photos":["/photos/umkm/881163675-depan.webp","/photos/umkm/881163675-samping.webp","/photos/umkm/881163675-lainnya.webp"],"gpsPrecision":4.249}},{"type":"Feature","id":"881163896","geometry":{"type":"Point","coordinates":[110.259855,-7.659371]},"properties":{"dataset":"umkm","name":"Mie ayam & bakso Andri Jaya","subtitle":"Kuliner","padukuhan":"Slanden","address":"Padukuhan Slanden, RT 16 RW 8","facets":["Kuliner"],"details":[{"label":"Pemilik","value":"Sri Handayani"}],"phone":"08818631753","photos":["/photos/umkm/881163896-depan.webp","/photos/umkm/881163896-samping.webp"],"gpsPrecision":3.7}},{"type":"Feature","id":"881163935","geometry":{"type":"Point","coordinates":[110.259828,-7.659397]},"properties":{"dataset":"umkm","name":"Masakan Padang Cipto Roso","subtitle":"Kuliner","padukuhan":"Slanden","address":"Padukuhan Slanden, RT 16 RW 8","facets":["Kuliner"],"details":[{"label":"Pemilik","value":"Suparto"},{"label":"Keterangan","value":"Jual nasi padang"}],"phone":"081327526248","photos":["/photos/umkm/881163935-depan.webp","/photos/umkm/881163935-samping.webp"],"gpsPrecision":4.867}},{"type":"Feature","id":"881251589","geometry":{"type":"Point","coordinates":[110.252284,-7.644665]},"properties":{"dataset":"umkm","name":"UMKM","subtitle":"Kuliner","padukuhan":"Beji","address":"Padukuhan Beji, RT 35 RW 17","facets":["Kuliner"],"details":[{"label":"Pemilik","value":"Tusimah"},{"label":"Keterangan","value":"Meniran, pipis ,tawonan"}],"phone":"08884002303","photos":["/photos/umkm/881251589-depan.webp","/photos/umkm/881251589-samping.webp"],"gpsPrecision":5.256}},{"type":"Feature","id":"881251626","geometry":{"type":"Point","coordinates":[110.251462,-7.645657]},"properties":{"dataset":"umkm","name":"UMKM","subtitle":"Pengepul / Penjual Hasil Kebun","padukuhan":"Beji","address":"Padukuhan Beji, RT 35 RW 17","facets":["Pengepul / Penjual Hasil Kebun"],"details":[{"label":"Pemilik","value":"Musinah"},{"label":"Produk","value":"Gula jawa, cengkeh"},{"label":"Komoditas","value":"Gula Jawa"},{"label":"Keterangan","value":"Pengepul gula jawa, cengkeh"}],"phone":"081548254122","photos":["/photos/umkm/881251626-depan.webp","/photos/umkm/881251626-samping.webp"],"gpsPrecision":4.58}},{"type":"Feature","id":"881251742","geometry":{"type":"Point","coordinates":[110.251017,-7.646822]},"properties":{"dataset":"umkm","name":"UMKM","subtitle":"Rumah Produksi","padukuhan":"Beji","address":"Padukuhan Beji, RT 34 RW 17","facets":["Rumah Produksi"],"details":[{"label":"Pemilik","value":"Siti Nuryani"},{"label":"Produk","value":"Gula Jawa"},{"label":"Keterangan","value":"Produksi gula jawa"}],"phone":"081328057314","photos":["/photos/umkm/881251742-depan.webp","/photos/umkm/881251742-samping.webp"],"gpsPrecision":4.75}},{"type":"Feature","id":"881251825","geometry":{"type":"Point","coordinates":[110.251979,-7.645042]},"properties":{"dataset":"umkm","name":"UMKM","subtitle":"Jualan pupuk","padukuhan":"Beji","address":"Padukuhan Beji, RT 35 RW 17","facets":["Lainnya"],"details":[{"label":"Pemilik","value":"Surinem"},{"label":"Keterangan","value":"Jualan pupuk"}],"phone":"082138030184","photos":["/photos/umkm/881251825-depan.webp","/photos/umkm/881251825-samping.webp"],"gpsPrecision":3}},{"type":"Feature","id":"881251853","geometry":{"type":"Point","coordinates":[110.252035,-7.644984]},"properties":{"dataset":"umkm","name":"UMKM","subtitle":"Jualan pakan ternak","padukuhan":"Beji","address":"Padukuhan Beji, RT 35 RW 17","facets":["Lainnya"],"details":[{"label":"Pemilik","value":"Muhammad Adib Furqon"},{"label":"Keterangan","value":"Jualan pakan ternak"}],"phone":"082138030184","photos":["/photos/umkm/881251853-depan.webp","/photos/umkm/881251853-samping.webp"],"gpsPrecision":3.386}},{"type":"Feature","id":"881251952","geometry":{"type":"Point","coordinates":[110.251925,-7.647063]},"properties":{"dataset":"umkm","name":"Es teler 3 putri","subtitle":"Rumah Produksi","padukuhan":"Beji","address":"Padukuhan Beji, RT 33 RW 16","facets":["Rumah Produksi"],"details":[{"label":"Pemilik","value":"Ika Nurjanah"},{"label":"Produk","value":"Produksi es mambo susudan es teler"},{"label":"Keterangan","value":"Produksi es mambo susu dan es teler"}],"phone":"083844229306","photos":["/photos/umkm/881251952-depan.webp","/photos/umkm/881251952-samping.webp"],"gpsPrecision":4.118}},{"type":"Feature","id":"881445965","geometry":{"type":"Point","coordinates":[110.25763,-7.654287]},"properties":{"dataset":"umkm","name":"Angkringan gerdu","subtitle":"Kuliner","padukuhan":"Pranan","address":"Padukuhan Pranan, RT 20 RW 10","facets":["Kuliner"],"details":[{"label":"Pemilik","value":"Eriana"}],"phone":null,"photos":["/photos/umkm/881445965-depan.webp","/photos/umkm/881445965-samping.webp"],"gpsPrecision":10.8}},{"type":"Feature","id":"881446256","geometry":{"type":"Point","coordinates":[110.258465,-7.653712]},"properties":{"dataset":"umkm","name":"WARONG HISYAM","subtitle":"Toko Kelontong","padukuhan":"Pranan","address":"Padukuhan Pranan, RT 20 RW 10","facets":["Toko Kelontong"],"details":[{"label":"Pemilik","value":"Widayati"}],"phone":null,"photos":["/photos/umkm/881446256-depan.webp","/photos/umkm/881446256-samping.webp","/photos/umkm/881446256-lainnya.webp"],"gpsPrecision":10.9}},{"type":"Feature","id":"881446307","geometry":{"type":"Point","coordinates":[110.258666,-7.653452]},"properties":{"dataset":"umkm","name":"GETHUK MB BAEDAH","subtitle":"Rumah Produksi","padukuhan":"Pranan","address":"Padukuhan Pranan, RT 20 RW 10","facets":["Rumah Produksi"],"details":[{"label":"Pemilik","value":"Yubaedah"},{"label":"Produk","value":"Getuk dan sego jagung"},{"label":"Keterangan","value":"Gethuk, sego jagung, meniran jagung"}],"phone":null,"photos":["/photos/umkm/881446307-depan.webp","/photos/umkm/881446307-samping.webp","/photos/umkm/881446307-lainnya.webp"],"gpsPrecision":11.04}},{"type":"Feature","id":"881446349","geometry":{"type":"Point","coordinates":[110.261901,-7.652177]},"properties":{"dataset":"umkm","name":"Cethot yu siamah","subtitle":"Rumah Produksi","padukuhan":"Pranan","address":"Padukuhan Pranan, RT 21 RW 10","facets":["Rumah Produksi"],"details":[{"label":"Pemilik","value":"Siyamah"},{"label":"Produk","value":"Thiwul. Cethot sinhkong dll"}],"phone":null,"photos":["/photos/umkm/881446349-depan.webp","/photos/umkm/881446349-samping.webp"],"gpsPrecision":10.5}},{"type":"Feature","id":"881986634","geometry":{"type":"Point","coordinates":[110.259688,-7.670139]},"properties":{"dataset":"umkm","name":"Tongkrongan rumah kita","subtitle":"Kuliner","padukuhan":"Banjaran","address":"Padukuhan Banjaran, RT 11 RW 6","facets":["Kuliner"],"details":[{"label":"Pemilik","value":"Raffi ilham mustofa"}],"phone":null,"photos":["/photos/umkm/881986634-depan.webp","/photos/umkm/881986634-samping.webp"],"gpsPrecision":3.971}},{"type":"Feature","id":"881986674","geometry":{"type":"Point","coordinates":[110.259867,-7.670102]},"properties":{"dataset":"umkm","name":"Peyek rumah kita","subtitle":"Kuliner","padukuhan":"Banjaran","address":"Padukuhan Banjaran, RT 11 RW 6","facets":["Kuliner"],"details":[{"label":"Pemilik","value":"Ririn nuranisa"},{"label":"Keterangan","value":"Aneka macam peyek"},{"label":"Nomor PIRT","value":"2063401010930-26"},{"label":"Sertifikat halal","value":"34110000371070522"}],"phone":"082313211173","photos":["/photos/umkm/881986674-depan.webp","/photos/umkm/881986674-samping.webp"],"gpsPrecision":3.79}},{"type":"Feature","id":"881987520","geometry":{"type":"Point","coordinates":[110.227214,-7.654994]},"properties":{"dataset":"umkm","name":"Reginan mbak sari","subtitle":"Rumah Produksi","padukuhan":"Plengan","address":"Padukuhan Plengan, RT 45 RW 22","facets":["Rumah Produksi"],"details":[{"label":"Pemilik","value":"Widya kumbara sari"},{"label":"Produk","value":"Rengginan singkong"}],"phone":"082328100504","photos":["/photos/umkm/881987520-depan.webp","/photos/umkm/881987520-samping.webp","/photos/umkm/881987520-lainnya.webp"],"gpsPrecision":4.388}},{"type":"Feature","id":"881987610","geometry":{"type":"Point","coordinates":[110.226219,-7.654465]},"properties":{"dataset":"umkm","name":"Rengginan bu witi","subtitle":"Rumah Produksi","padukuhan":"Plengan","address":"Padukuhan Plengan, RT 45 RW 22","facets":["Rumah Produksi"],"details":[{"label":"Pemilik","value":"Sarwiti"},{"label":"Produk","value":"Rengginan singkong"}],"phone":null,"photos":["/photos/umkm/881987610-depan.webp","/photos/umkm/881987610-samping.webp","/photos/umkm/881987610-lainnya.webp"],"gpsPrecision":9}},{"type":"Feature","id":"881987635","geometry":{"type":"Point","coordinates":[110.226242,-7.654468]},"properties":{"dataset":"umkm","name":"Warung bu witi","subtitle":"Toko Kelontong","padukuhan":"Plengan","address":"Padukuhan Plengan, RT 45 RW 22","facets":["Toko Kelontong"],"details":[{"label":"Pemilik","value":"Sarwiti"}],"phone":null,"photos":["/photos/umkm/881987635-depan.webp","/photos/umkm/881987635-samping.webp","/photos/umkm/881987635-lainnya.webp"],"gpsPrecision":7.232}},{"type":"Feature","id":"881987682","geometry":{"type":"Point","coordinates":[110.226371,-7.654428]},"properties":{"dataset":"umkm","name":"Rengginan bu parmini","subtitle":"Rumah Produksi","padukuhan":"Plengan","address":"Padukuhan Plengan, RT 45 RW 22","facets":["Rumah Produksi"],"details":[{"label":"Pemilik","value":"Parmini"},{"label":"Produk","value":"Rengginan"}],"phone":null,"photos":["/photos/umkm/881987682-depan.webp","/photos/umkm/881987682-samping.webp","/photos/umkm/881987682-lainnya.webp"],"gpsPrecision":7.9}},{"type":"Feature","id":"881987711","geometry":{"type":"Point","coordinates":[110.226342,-7.654488]},"properties":{"dataset":"umkm","name":"Gono rongsok","subtitle":"Pengepul barang bekas ( rongsok )","padukuhan":"Plengan","address":"Padukuhan Plengan, RT 45 RW 22","facets":["Lainnya"],"details":[{"label":"Pemilik","value":"Triyono"}],"phone":null,"photos":["/photos/umkm/881987711-depan.webp","/photos/umkm/881987711-samping.webp"],"gpsPrecision":4.903}},{"type":"Feature","id":"881987747","geometry":{"type":"Point","coordinates":[110.226461,-7.654434]},"properties":{"dataset":"umkm","name":"Rengginan pak harjo","subtitle":"Rumah Produksi","padukuhan":"Plengan","address":"Padukuhan Plengan, RT 45 RW 22","facets":["Rumah Produksi"],"details":[{"label":"Pemilik","value":"Harjo martono"},{"label":"Produk","value":"Rengginan"}],"phone":null,"photos":["/photos/umkm/881987747-depan.webp","/photos/umkm/881987747-samping.webp"],"gpsPrecision":6.592}},{"type":"Feature","id":"882033062","geometry":{"type":"Point","coordinates":[110.234148,-7.668308]},"properties":{"dataset":"umkm","name":"TOKO BU SRI","subtitle":"Toko Kelontong","padukuhan":"Promasan","address":"Padukuhan Promasan, RT 66 RW 32","facets":["Toko Kelontong"],"details":[{"label":"Pemilik","value":"BU SRI"}],"phone":null,"photos":["/photos/umkm/882033062-depan.webp","/photos/umkm/882033062-samping.webp"],"gpsPrecision":3.651}},{"type":"Feature","id":"882033197","geometry":{"type":"Point","coordinates":[110.229847,-7.662986]},"properties":{"dataset":"umkm","name":"GIK","subtitle":"TOKO ROHANI DAN WARUNG MAKAN GIK","padukuhan":"Promasan","address":"Padukuhan Promasan, RT 68 RW 33","facets":["Lainnya"],"details":[{"label":"Pemilik","value":"bapak yoanes Pius Cahyo nugrohojati"}],"phone":null,"photos":["/photos/umkm/882033197-depan.webp","/photos/umkm/882033197-samping.webp"],"gpsPrecision":4.497}},{"type":"Feature","id":"882177888","geometry":{"type":"Point","coordinates":[110.247529,-7.662898]},"properties":{"dataset":"umkm","name":"Warung Bu sukilah","subtitle":"Toko Kelontong","padukuhan":"Semawung","address":"Padukuhan Semawung, RT 71 RW 34","facets":["Toko Kelontong"],"details":[{"label":"Pemilik","value":"Sukilah"},{"label":"Keterangan","value":"Kopi,gula pasir,dll"}],"phone":null,"photos":["/photos/umkm/882177888-depan.webp","/photos/umkm/882177888-samping.webp"],"gpsPrecision":2.957}},{"type":"Feature","id":"882178201","geometry":{"type":"Point","coordinates":[110.247435,-7.662919]},"properties":{"dataset":"umkm","name":"Madu pak slamet","subtitle":"Penjual madu","padukuhan":"Semawung","address":"Padukuhan Semawung, RT 71 RW 34","facets":["Lainnya"],"details":[{"label":"Pemilik","value":"Slamet sulbani"},{"label":"Keterangan","value":"Madu tawon dan madu lanceng"}],"phone":null,"photos":["/photos/umkm/882178201-depan.webp","/photos/umkm/882178201-samping.webp"],"gpsPrecision":4.764}},{"type":"Feature","id":"882178433","geometry":{"type":"Point","coordinates":[110.246946,-7.662581]},"properties":{"dataset":"umkm","name":"Toko DSN","subtitle":"Toko Kelontong","padukuhan":"Semawung","address":"Padukuhan Semawung, RT 71 RW 34","facets":["Toko Kelontong"],"details":[{"label":"Pemilik","value":"Wiwid widodo"},{"label":"Keterangan","value":"Atk,makanan ringan ,sembako dll"}],"phone":null,"photos":["/photos/umkm/882178433-depan.webp","/photos/umkm/882178433-samping.webp"],"gpsPrecision":4.989}},{"type":"Feature","id":"882178496","geometry":{"type":"Point","coordinates":[110.246474,-7.662484]},"properties":{"dataset":"umkm","name":"Warung Mbah jariyah","subtitle":"Toko Kelontong","padukuhan":"Semawung","address":"Padukuhan Semawung, RT 71 RW 34","facets":["Toko Kelontong"],"details":[{"label":"Pemilik","value":"Jariyah"},{"label":"Keterangan","value":"Sembako,makanan ringan dll"}],"phone":null,"photos":["/photos/umkm/882178496-depan.webp","/photos/umkm/882178496-samping.webp"],"gpsPrecision":4.5}},{"type":"Feature","id":"882244171","geometry":{"type":"Point","coordinates":[110.226413,-7.654674]},"properties":{"dataset":"umkm","name":"Rengginan mak ellen","subtitle":"Rumah Produksi","padukuhan":"Plengan","address":"Padukuhan Plengan, RT 45 RW 22","facets":["Rumah Produksi"],"details":[{"label":"Pemilik","value":"Purwandari"},{"label":"Produk","value":"Rengginan singkong"}],"phone":null,"photos":["/photos/umkm/882244171-depan.webp","/photos/umkm/882244171-samping.webp"],"gpsPrecision":4.944}},{"type":"Feature","id":"882244209","geometry":{"type":"Point","coordinates":[110.225987,-7.654466]},"properties":{"dataset":"umkm","name":"Rengginan mbah giyono","subtitle":"Rumah Produksi","padukuhan":"Plengan","address":"Padukuhan Plengan, RT 45 RW 22","facets":["Rumah Produksi"],"details":[{"label":"Pemilik","value":"Sugiyono"},{"label":"Produk","value":"Rengginan singkong"}],"phone":null,"photos":["/photos/umkm/882244209-depan.webp","/photos/umkm/882244209-samping.webp","/photos/umkm/882244209-lainnya.webp"],"gpsPrecision":5.454}},{"type":"Feature","id":"882347092","geometry":{"type":"Point","coordinates":[110.252617,-7.645193]},"properties":{"dataset":"umkm","name":"Warung Soto Mbak Pri","subtitle":"Warung Soto","padukuhan":"Beji","address":"Padukuhan Beji, RT 35 RW 17","facets":["Lainnya"],"details":[{"label":"Pemilik","value":"Bu Priyati"},{"label":"Keterangan","value":"Soto dan gorengan"}],"phone":"085725126917","photos":["/photos/umkm/882347092-depan.webp","/photos/umkm/882347092-samping.webp"],"gpsPrecision":3.482}},{"type":"Feature","id":"882347169","geometry":{"type":"Point","coordinates":[110.252296,-7.645251]},"properties":{"dataset":"umkm","name":"Warung Bu Endro","subtitle":"Toko Kelontong","padukuhan":"Beji","address":"Padukuhan Beji, RT 35 RW 17","facets":["Toko Kelontong"],"details":[{"label":"Pemilik","value":"Bu Endro"},{"label":"Keterangan","value":"Sembako"}],"phone":"081325411221","photos":["/photos/umkm/882347169-depan.webp","/photos/umkm/882347169-samping.webp"],"gpsPrecision":4.944}},{"type":"Feature","id":"882347228","geometry":{"type":"Point","coordinates":[110.252068,-7.645368]},"properties":{"dataset":"umkm","name":"UMKM","subtitle":"JUAL BIBIT TANAMAN","padukuhan":"Beji","address":"Padukuhan Beji, RT 35 RW 17","facets":["Lainnya"],"details":[{"label":"Pemilik","value":"Ahmad Munzairi"},{"label":"Keterangan","value":"Jual bibit tanaman"}],"phone":"088983033449","photos":["/photos/umkm/882347228-depan.webp","/photos/umkm/882347228-samping.webp"],"gpsPrecision":3.833}},{"type":"Feature","id":"882347265","geometry":{"type":"Point","coordinates":[110.252247,-7.64466]},"properties":{"dataset":"umkm","name":"Rova buah","subtitle":"Jualan buah","padukuhan":"Beji","address":"Padukuhan Beji, RT 35 RW 17","facets":["Lainnya"],"details":[{"label":"Pemilik","value":"Musyarofah"},{"label":"Keterangan","value":"Jualan buah buahan"}],"phone":"088216398070","photos":["/photos/umkm/882347265-depan.webp","/photos/umkm/882347265-samping.webp"],"gpsPrecision":4.916}},{"type":"Feature","id":"882347296","geometry":{"type":"Point","coordinates":[110.252172,-7.647186]},"properties":{"dataset":"umkm","name":"Bubur Ayam","subtitle":"Rumah Produksi","padukuhan":"Beji","address":"Padukuhan Beji, RT 33 RW 16","facets":["Rumah Produksi"],"details":[{"label":"Pemilik","value":"Arofah Jamil"},{"label":"Produk","value":"Bubur ayam"},{"label":"Keterangan","value":"Bubur ayam"}],"phone":"088232823268","photos":["/photos/umkm/882347296-depan.webp","/photos/umkm/882347296-samping.webp"],"gpsPrecision":4.638}},{"type":"Feature","id":"882347343","geometry":{"type":"Point","coordinates":[110.25246,-7.648375]},"properties":{"dataset":"umkm","name":"UMKM","subtitle":"Pengepul / Penjual Hasil Kebun","padukuhan":"Beji","address":"Padukuhan Beji, RT 33 RW 16","facets":["Pengepul / Penjual Hasil Kebun"],"details":[{"label":"Pemilik","value":"Suriyah"},{"label":"Komoditas","value":"Gula Jawa"},{"label":"Keterangan","value":"Pengepul gula jawa"}],"phone":"081316302428","photos":["/photos/umkm/882347343-depan.webp","/photos/umkm/882347343-samping.webp"],"gpsPrecision":4.6}},{"type":"Feature","id":"882576609","geometry":{"type":"Point","coordinates":[110.257543,-7.649699]},"properties":{"dataset":"umkm","name":"Mbk Tita molen","subtitle":"Rumah Produksi","padukuhan":"Klangon","address":"Padukuhan Klangon, RT 31 RW 15","facets":["Rumah Produksi"],"details":[{"label":"Pemilik","value":"Tita Pratiwi"},{"label":"Produk","value":"Bikin molen"}],"phone":null,"photos":["/photos/umkm/882576609-depan.webp","/photos/umkm/882576609-samping.webp"],"gpsPrecision":4.725}},{"type":"Feature","id":"882983864","geometry":{"type":"Point","coordinates":[110.261818,-7.65211]},"properties":{"dataset":"umkm","name":"Wulan","subtitle":"Rumah Produksi","padukuhan":"Pranan","address":"Padukuhan Pranan, RT 21 RW 10","facets":["Rumah Produksi"],"details":[{"label":"Pemilik","value":"Porwanto"},{"label":"Produk","value":"Onde onde"},{"label":"Keterangan","value":"Produksi onde\" donut"}],"phone":null,"photos":["/photos/umkm/882983864-depan.webp","/photos/umkm/882983864-samping.webp","/photos/umkm/882983864-lainnya.webp"],"gpsPrecision":11.2}},{"type":"Feature","id":"883374297","geometry":{"type":"Point","coordinates":[110.249073,-7.65109]},"properties":{"dataset":"umkm","name":"Gula Jawa Mutakaliman","subtitle":"Rumah Produksi","padukuhan":"Kempong","address":"Padukuhan Kempong, RT 38 RW 19","facets":["Rumah Produksi"],"details":[{"label":"Pemilik","value":"Mutakaliman"},{"label":"Produk","value":"Gula Jawa"}],"phone":null,"photos":["/photos/umkm/883374297-depan.webp","/photos/umkm/883374297-samping.webp"],"gpsPrecision":4.23}},{"type":"Feature","id":"883375098","geometry":{"type":"Point","coordinates":[110.248594,-7.651029]},"properties":{"dataset":"umkm","name":"Gula Jawa Samrodin","subtitle":"Rumah Produksi","padukuhan":"Kempong","address":"Padukuhan Kempong, RT 39 RW 19","facets":["Rumah Produksi"],"details":[{"label":"Pemilik","value":"Pak Samrodin"},{"label":"Produk","value":"Gula Jawa"}],"phone":null,"photos":["/photos/umkm/883375098-depan.webp","/photos/umkm/883375098-samping.webp"],"gpsPrecision":4.411}},{"type":"Feature","id":"883375149","geometry":{"type":"Point","coordinates":[110.248356,-7.651304]},"properties":{"dataset":"umkm","name":"Gula Jawa Sukindarto","subtitle":"Rumah Produksi","padukuhan":"Kempong","address":"Padukuhan Kempong, RT 39 RW 19","facets":["Rumah Produksi"],"details":[{"label":"Pemilik","value":"Sukindarto"},{"label":"Produk","value":"Gula Jawa"}],"phone":null,"photos":["/photos/umkm/883375149-depan.webp","/photos/umkm/883375149-samping.webp"],"gpsPrecision":4.591}},{"type":"Feature","id":"883375821","geometry":{"type":"Point","coordinates":[110.248424,-7.650301]},"properties":{"dataset":"umkm","name":"Gula Jawa Marjuni","subtitle":"Rumah Produksi","padukuhan":"Kempong","address":"Padukuhan Kempong, RT 39 RW 19","facets":["Rumah Produksi"],"details":[{"label":"Pemilik","value":"Marjuni"},{"label":"Produk","value":"Gula Jawa"}],"phone":null,"photos":["/photos/umkm/883375821-depan.webp","/photos/umkm/883375821-samping.webp"],"gpsPrecision":4.643}},{"type":"Feature","id":"883376045","geometry":{"type":"Point","coordinates":[110.248785,-7.65068]},"properties":{"dataset":"umkm","name":"Mas Rilo","subtitle":"Pembuatan dan penyewaan baju gedrug","padukuhan":"Kempong","address":"Padukuhan Kempong, RT 39 RW 19","facets":["Lainnya"],"details":[{"label":"Pemilik","value":"Rilo (dikelola kelompok)"}],"phone":null,"photos":["/photos/umkm/883376045-depan.webp","/photos/umkm/883376045-samping.webp"],"gpsPrecision":3.92}},{"type":"Feature","id":"883376410","geometry":{"type":"Point","coordinates":[110.247998,-7.649623]},"properties":{"dataset":"umkm","name":"Gula Jawa Baridi","subtitle":"Rumah Produksi","padukuhan":"Kempong","address":"Padukuhan Kempong, RT 39 RW 19","facets":["Rumah Produksi"],"details":[{"label":"Pemilik","value":"Baridi"},{"label":"Produk","value":"Gula Jawa"}],"phone":null,"photos":["/photos/umkm/883376410-depan.webp","/photos/umkm/883376410-samping.webp"],"gpsPrecision":4.633}},{"type":"Feature","id":"883376563","geometry":{"type":"Point","coordinates":[110.247889,-7.649865]},"properties":{"dataset":"umkm","name":"Gula Jawa Sariman","subtitle":"Rumah Produksi","padukuhan":"Kempong","address":"Padukuhan Kempong, RT 39 RW 19","facets":["Rumah Produksi"],"details":[{"label":"Pemilik","value":"Sariman"},{"label":"Produk","value":"Gula Jawa"}],"phone":null,"photos":["/photos/umkm/883376563-depan.webp","/photos/umkm/883376563-samping.webp"],"gpsPrecision":4.455}},{"type":"Feature","id":"883376724","geometry":{"type":"Point","coordinates":[110.248003,-7.650445]},"properties":{"dataset":"umkm","name":"Gula Jawa Nurrohmad","subtitle":"Rumah Produksi","padukuhan":"Kempong","address":"Padukuhan Kempong, RT 39 RW 19","facets":["Rumah Produksi"],"details":[{"label":"Pemilik","value":"Nurrohmad"},{"label":"Produk","value":"Gula Jawa"}],"phone":null,"photos":["/photos/umkm/883376724-depan.webp","/photos/umkm/883376724-samping.webp"],"gpsPrecision":4.3}},{"type":"Feature","id":"883376797","geometry":{"type":"Point","coordinates":[110.248196,-7.650384]},"properties":{"dataset":"umkm","name":"Mas Nurrohmad","subtitle":"Penyewaan Sound","padukuhan":"Kempong","address":"Padukuhan Kempong, RT 39 RW 19","facets":["Lainnya"],"details":[{"label":"Pemilik","value":"Nurrohmad"}],"phone":null,"photos":["/photos/umkm/883376797-depan.webp","/photos/umkm/883376797-samping.webp"],"gpsPrecision":4.784}},{"type":"Feature","id":"883376837","geometry":{"type":"Point","coordinates":[110.248058,-7.650787]},"properties":{"dataset":"umkm","name":"Gula Jawa Muhrodin","subtitle":"Rumah Produksi","padukuhan":"Kempong","address":"Padukuhan Kempong, RT 39 RW 19","facets":["Rumah Produksi"],"details":[{"label":"Pemilik","value":"Muhrodin"},{"label":"Produk","value":"Gula Jawa"}],"phone":null,"photos":["/photos/umkm/883376837-depan.webp","/photos/umkm/883376837-samping.webp"],"gpsPrecision":4.301}},{"type":"Feature","id":"883377096","geometry":{"type":"Point","coordinates":[110.248123,-7.651038]},"properties":{"dataset":"umkm","name":"Duren Mas Nanang","subtitle":"Pengepul / Penjual Hasil Kebun","padukuhan":"Kempong","address":"Padukuhan Kempong, RT 39 RW 19","facets":["Pengepul / Penjual Hasil Kebun"],"details":[{"label":"Pemilik","value":"Nanang"},{"label":"Komoditas","value":"Durian"}],"phone":"088226806311","photos":["/photos/umkm/883377096-depan.webp","/photos/umkm/883377096-samping.webp"],"gpsPrecision":4.739}},{"type":"Feature","id":"883377117","geometry":{"type":"Point","coordinates":[110.248027,-7.65108]},"properties":{"dataset":"umkm","name":"Gula Jawa Astutik","subtitle":"Rumah Produksi","padukuhan":"Kempong","address":"Padukuhan Kempong, RT 39 RW 19","facets":["Rumah Produksi"],"details":[{"label":"Pemilik","value":"Riyanto"},{"label":"Produk","value":"Gula Jawa"}],"phone":null,"photos":["/photos/umkm/883377117-depan.webp","/photos/umkm/883377117-samping.webp"],"gpsPrecision":4.2}},{"type":"Feature","id":"883377387","geometry":{"type":"Point","coordinates":[110.247301,-7.650725]},"properties":{"dataset":"umkm","name":"Gula Jawa Rustinah","subtitle":"Rumah Produksi","padukuhan":"Kempong","address":"Padukuhan Kempong, RT 39 RW 19","facets":["Rumah Produksi"],"details":[{"label":"Pemilik","value":"Rustinah"},{"label":"Produk","value":"Gula Jawa"}],"phone":null,"photos":["/photos/umkm/883377387-depan.webp","/photos/umkm/883377387-samping.webp"],"gpsPrecision":4.329}},{"type":"Feature","id":"883377508","geometry":{"type":"Point","coordinates":[110.246964,-7.650907]},"properties":{"dataset":"umkm","name":"Gula Jawa Kun Maryanah","subtitle":"Rumah Produksi","padukuhan":"Kempong","address":"Padukuhan Kempong, RT 39 RW 19","facets":["Rumah Produksi"],"details":[{"label":"Pemilik","value":"Kun Maryanah"},{"label":"Produk","value":"Gula Jawa"}],"phone":null,"photos":["/photos/umkm/883377508-depan.webp","/photos/umkm/883377508-samping.webp"],"gpsPrecision":4.28}},{"type":"Feature","id":"883377636","geometry":{"type":"Point","coordinates":[110.247588,-7.651714]},"properties":{"dataset":"umkm","name":"Gula Jawa Komidah","subtitle":"Rumah Produksi","padukuhan":"Kempong","address":"Padukuhan Kempong, RT 39 RW 19","facets":["Rumah Produksi"],"details":[{"label":"Pemilik","value":"Komidah"},{"label":"Produk","value":"Gula Jawa"}],"phone":null,"photos":["/photos/umkm/883377636-depan.webp","/photos/umkm/883377636-samping.webp"],"gpsPrecision":4.343}},{"type":"Feature","id":"883377683","geometry":{"type":"Point","coordinates":[110.247725,-7.65168]},"properties":{"dataset":"umkm","name":"Gula Jawa Supiyah","subtitle":"Rumah Produksi","padukuhan":"Kempong","address":"Padukuhan Kempong, RT 39 RW 19","facets":["Rumah Produksi"],"details":[{"label":"Pemilik","value":"Supiyah"},{"label":"Produk","value":"Gula Jawa"}],"phone":null,"photos":["/photos/umkm/883377683-depan.webp","/photos/umkm/883377683-samping.webp"],"gpsPrecision":3.666}},{"type":"Feature","id":"883377708","geometry":{"type":"Point","coordinates":[110.247789,-7.651801]},"properties":{"dataset":"umkm","name":"Warung Ana Susianti","subtitle":"Kuliner","padukuhan":"Kempong","address":"Padukuhan Kempong, RT 39 RW 19","facets":["Kuliner"],"details":[{"label":"Pemilik","value":"Ana Susianti"},{"label":"Keterangan","value":"Soto, nasi remas, buka sore (ramadhan)"}],"phone":null,"photos":["/photos/umkm/883377708-depan.webp","/photos/umkm/883377708-samping.webp"],"gpsPrecision":4.825}},{"type":"Feature","id":"883377949","geometry":{"type":"Point","coordinates":[110.247782,-7.651832]},"properties":{"dataset":"umkm","name":"Gula Jawa Mba Ana","subtitle":"Rumah Produksi","padukuhan":"Kempong","address":"Padukuhan Kempong, RT 39 RW 19","facets":["Rumah Produksi"],"details":[{"label":"Pemilik","value":"Ngadirin"},{"label":"Produk","value":"Gula Jawa"}],"phone":null,"photos":["/photos/umkm/883377949-depan.webp","/photos/umkm/883377949-samping.webp"],"gpsPrecision":3.239}},{"type":"Feature","id":"883377995","geometry":{"type":"Point","coordinates":[110.247804,-7.651467]},"properties":{"dataset":"umkm","name":"Gula Jawa Ninik","subtitle":"Rumah Produksi","padukuhan":"Kempong","address":"Padukuhan Kempong, RT 39 RW 19","facets":["Rumah Produksi"],"details":[{"label":"Pemilik","value":"Ninik"},{"label":"Produk","value":"Gula Jawa"}],"phone":null,"photos":["/photos/umkm/883377995-depan.webp","/photos/umkm/883377995-samping.webp"],"gpsPrecision":3.929}},{"type":"Feature","id":"883378080","geometry":{"type":"Point","coordinates":[110.248355,-7.65153]},"properties":{"dataset":"umkm","name":"Pratama Laundry","subtitle":"Jasa","padukuhan":"Kempong","address":"Padukuhan Kempong, RT 39 RW 19","facets":["Jasa"],"details":[{"label":"Pemilik","value":"Eni Setiyawati"}],"phone":null,"photos":["/photos/umkm/883378080-depan.webp","/photos/umkm/883378080-samping.webp"],"gpsPrecision":3.942}},{"type":"Feature","id":"883378157","geometry":{"type":"Point","coordinates":[110.248521,-7.651312]},"properties":{"dataset":"umkm","name":"Pasti Mart","subtitle":"Toko Kelontong","padukuhan":"Kempong","address":"Padukuhan Kempong, RT 39 RW 19","facets":["Toko Kelontong"],"details":[{"label":"Pemilik","value":"Unifah"}],"phone":null,"photos":["/photos/umkm/883378157-depan.webp","/photos/umkm/883378157-samping.webp"],"gpsPrecision":4.898}},{"type":"Feature","id":"883378322","geometry":{"type":"Point","coordinates":[110.249078,-7.651472]},"properties":{"dataset":"umkm","name":"TB Rizky Barokah","subtitle":"Toko Bangunan","padukuhan":"Kempong","address":"Padukuhan Kempong, RT 40 RW 19","facets":["Lainnya"],"details":[{"label":"Pemilik","value":"Warsono"}],"phone":null,"photos":["/photos/umkm/883378322-depan.webp","/photos/umkm/883378322-samping.webp"],"gpsPrecision":4.493}},{"type":"Feature","id":"883585372","geometry":{"type":"Point","coordinates":[110.256143,-7.652005]},"properties":{"dataset":"umkm","name":"Warung makan Mbak Rita","subtitle":"Kuliner","padukuhan":"Potronalan","address":"Padukuhan Potronalan, RT 27 RW 13","facets":["Kuliner"],"details":[{"label":"Pemilik","value":"Rita"},{"label":"Keterangan","value":"warung kuliner jual kupat tahu, nasi goreng dll"}],"phone":"0882007477491","photos":["/photos/umkm/883585372-depan.webp","/photos/umkm/883585372-samping.webp"],"gpsPrecision":5}},{"type":"Feature","id":"883585395","geometry":{"type":"Point","coordinates":[110.256193,-7.652005]},"properties":{"dataset":"umkm","name":"Goebok Duren Mb Seetee","subtitle":"Pengepul / Penjual Hasil Kebun","padukuhan":"Potronalan","address":"Padukuhan Potronalan, RT 27 RW 13","facets":["Pengepul / Penjual Hasil Kebun"],"details":[{"label":"Pemilik","value":"Siti Fadilah"},{"label":"Komoditas","value":"Durian"},{"label":"Keterangan","value":"jual durian asli Kalibawang"}],"phone":"088221873544","photos":["/photos/umkm/883585395-depan.webp","/photos/umkm/883585395-samping.webp"],"gpsPrecision":3.28}},{"type":"Feature","id":"883991723","geometry":{"type":"Point","coordinates":[110.261414,-7.669087]},"properties":{"dataset":"umkm","name":"Pembuatan gula jawa","subtitle":"Rumah Produksi","padukuhan":"Banjaran","address":"Padukuhan Banjaran, RT 11 RW 6","facets":["Rumah Produksi"],"details":[{"label":"Pemilik","value":"Giyem"},{"label":"Produk","value":"Gula Jawa"}],"phone":"085747046143","photos":["/photos/umkm/883991723-depan.webp","/photos/umkm/883991723-samping.webp"],"gpsPrecision":4.315}},{"type":"Feature","id":"884016328","geometry":{"type":"Point","coordinates":[110.252268,-7.645157]},"properties":{"dataset":"umkm","name":"Aneka Makanan Jadoel","subtitle":"Kuliner","padukuhan":"Beji","address":"Padukuhan Beji, RT 35 RW 17","facets":["Kuliner"],"details":[{"label":"Pemilik","value":"Suramah"},{"label":"Keterangan","value":"Aneka gorengan, bubur, jenang candil, jenang sum sum, jenang blendung, gatit ,tiwul, bakmie capcay ,buntil lumbu, bajingan"}],"phone":"087738199082","photos":["/photos/umkm/884016328-depan.webp","/photos/umkm/884016328-samping.webp"],"gpsPrecision":4.957}},{"type":"Feature","id":"884016332","geometry":{"type":"Point","coordinates":[110.252239,-7.644876]},"properties":{"dataset":"umkm","name":"UMKM","subtitle":"Warung pakan ternak","padukuhan":"Beji","address":"Padukuhan Beji, RT 35 RW 17","facets":["Lainnya"],"details":[{"label":"Pemilik","value":"Marwati"},{"label":"Keterangan","value":"Jual pakan ternak"}],"phone":"087739506959","photos":["/photos/umkm/884016332-depan.webp","/photos/umkm/884016332-samping.webp"],"gpsPrecision":4.884}},{"type":"Feature","id":"884016334","geometry":{"type":"Point","coordinates":[110.252334,-7.644678]},"properties":{"dataset":"umkm","name":"Mugi Makmur","subtitle":"Jualan sandal","padukuhan":"Beji","address":"Padukuhan Beji, RT 35 RW 17","facets":["Lainnya"],"details":[{"label":"Pemilik","value":"Niken"},{"label":"Keterangan","value":"Jualan sandal"}],"phone":"085800538397","photos":["/photos/umkm/884016334-depan.webp","/photos/umkm/884016334-samping.webp"],"gpsPrecision":4.722}},{"type":"Feature","id":"884016338","geometry":{"type":"Point","coordinates":[110.252357,-7.644747]},"properties":{"dataset":"umkm","name":"UMKM","subtitle":"Jualan reginan, slondok, kerupuk","padukuhan":"Beji","address":"Padukuhan Beji, RT 35 RW 17","facets":["Lainnya"],"details":[{"label":"Pemilik","value":"Umi Sayidah"},{"label":"Keterangan","value":"Jual reginan, kerupuk ,slondok"}],"phone":"083849030150","photos":["/photos/umkm/884016338-depan.webp","/photos/umkm/884016338-samping.webp"],"gpsPrecision":3.466}},{"type":"Feature","id":"884016346","geometry":{"type":"Point","coordinates":[110.251672,-7.644813]},"properties":{"dataset":"umkm","name":"UMKM","subtitle":"Pakan ternak","padukuhan":"Beji","address":"Padukuhan Beji, RT 35 RW 17","facets":["Lainnya"],"details":[{"label":"Pemilik","value":"Pak Jamal"},{"label":"Keterangan","value":"Pakan ternak"}],"phone":"083146206404","photos":["/photos/umkm/884016346-depan.webp","/photos/umkm/884016346-samping.webp"],"gpsPrecision":4}},{"type":"Feature","id":"884116741","geometry":{"type":"Point","coordinates":[110.231922,-7.660223]},"properties":{"dataset":"umkm","name":"Mie Ayam ma' Sanah","subtitle":"Kuliner","padukuhan":"Dlingseng","address":"Padukuhan Dlingseng, RT 43 RW 21","facets":["Kuliner"],"details":[{"label":"Pemilik","value":"Nur Khasanah"}],"phone":null,"photos":["/photos/umkm/884116741-depan.webp","/photos/umkm/884116741-samping.webp"],"gpsPrecision":4.536}},{"type":"Feature","id":"884117334","geometry":{"type":"Point","coordinates":[110.233808,-7.654854]},"properties":{"dataset":"umkm","name":"Slondok Sarilah","subtitle":"Rumah Produksi","padukuhan":"Dlingseng","address":"Padukuhan Dlingseng, RT 44 RW 21","facets":["Rumah Produksi"],"details":[{"label":"Pemilik","value":"Sarilah"},{"label":"Produk","value":"Slondok"},{"label":"Keterangan","value":"slondok gethuk"}],"phone":null,"photos":["/photos/umkm/884117334-depan.webp","/photos/umkm/884117334-samping.webp","/photos/umkm/884117334-lainnya.webp"],"gpsPrecision":4.956}},{"type":"Feature","id":"884117364","geometry":{"type":"Point","coordinates":[110.233981,-7.654821]},"properties":{"dataset":"umkm","name":"slondok gethuk","subtitle":"Rumah Produksi","padukuhan":"Dlingseng","address":"Padukuhan Dlingseng, RT 44 RW 21","facets":["Rumah Produksi"],"details":[{"label":"Pemilik","value":"Siti Parwanti"},{"label":"Produk","value":"Slondok"},{"label":"Keterangan","value":"slondok"}],"phone":null,"photos":["/photos/umkm/884117364-depan.webp","/photos/umkm/884117364-samping.webp"],"gpsPrecision":4.939}},{"type":"Feature","id":"884177972","geometry":{"type":"Point","coordinates":[110.235058,-7.665924]},"properties":{"dataset":"umkm","name":"koprasi kredit mulia","subtitle":"koprasi kredit mulia","padukuhan":"Promasan","address":"Padukuhan Promasan, RT 69 RW 33","facets":["Lainnya"],"details":[{"label":"Pemilik","value":"koprasi kredit mulia"}],"phone":null,"photos":["/photos/umkm/884177972-depan.webp","/photos/umkm/884177972-samping.webp"],"gpsPrecision":4.419}},{"type":"Feature","id":"884178215","geometry":{"type":"Point","coordinates":[110.232852,-7.670418]},"properties":{"dataset":"umkm","name":"rumah karya IT","subtitle":"Rumah karya IT","padukuhan":"Promasan","address":"Padukuhan Promasan, RT 66 RW 32","facets":["Lainnya"],"details":[{"label":"Pemilik","value":"Bapak  jaya"}],"phone":null,"photos":["/photos/umkm/884178215-depan.webp","/photos/umkm/884178215-samping.webp"],"gpsPrecision":4.44}},{"type":"Feature","id":"884178237","geometry":{"type":"Point","coordinates":[110.229749,-7.671525]},"properties":{"dataset":"umkm","name":"telur asin Bu ignasia parjiah","subtitle":"Usaha telur asin","padukuhan":"Promasan","address":"Padukuhan Promasan, RT 66 RW 32","facets":["Lainnya"],"details":[{"label":"Pemilik","value":"Ibu ignatia parjiah"}],"phone":null,"photos":["/photos/umkm/884178237-depan.webp","/photos/umkm/884178237-samping.webp"],"gpsPrecision":4.486}},{"type":"Feature","id":"884178279","geometry":{"type":"Point","coordinates":[110.230115,-7.664968]},"properties":{"dataset":"umkm","name":"Persewaan sound sistem","subtitle":"Persewaan sound sistem","padukuhan":"Promasan","address":"Padukuhan Promasan, RT 68 RW 33","facets":["Lainnya"],"details":[{"label":"Pemilik","value":"Mas Anggit"}],"phone":null,"photos":["/photos/umkm/884178279-depan.webp","/photos/umkm/884178279-samping.webp"],"gpsPrecision":4.771}},{"type":"Feature","id":"884178299","geometry":{"type":"Point","coordinates":[110.229933,-7.664031]},"properties":{"dataset":"umkm","name":"Bengkel mas esa","subtitle":"Bengkel","padukuhan":"Promasan","address":"Padukuhan Promasan, RT 68 RW 33","facets":["Bengkel"],"details":[{"label":"Pemilik","value":"Mas Esa"}],"phone":null,"photos":["/photos/umkm/884178299-depan.webp","/photos/umkm/884178299-samping.webp"],"gpsPrecision":4.89}},{"type":"Feature","id":"884178353","geometry":{"type":"Point","coordinates":[110.230583,-7.663036]},"properties":{"dataset":"umkm","name":"Bengkel pak heri","subtitle":"Bengkel","padukuhan":"Promasan","address":"Padukuhan Promasan, RT 68 RW 33","facets":["Bengkel"],"details":[{"label":"Pemilik","value":"Bapak heriwidiyanto"}],"phone":null,"photos":["/photos/umkm/884178353-depan.webp","/photos/umkm/884178353-samping.webp"],"gpsPrecision":4.947}},{"type":"Feature","id":"884296280","geometry":{"type":"Point","coordinates":[110.253344,-7.647532]},"properties":{"dataset":"umkm","name":"UMKM","subtitle":"Rumah Produksi","padukuhan":"Beji","address":"Padukuhan Beji, RT 33 RW 16","facets":["Rumah Produksi"],"details":[{"label":"Pemilik","value":"Bu Tukini"},{"label":"Produk","value":"Gula Jawa"},{"label":"Keterangan","value":"Pembuatan gula jawa"}],"phone":"088227294960","photos":["/photos/umkm/884296280-depan.webp","/photos/umkm/884296280-samping.webp"],"gpsPrecision":4.45}},{"type":"Feature","id":"884296311","geometry":{"type":"Point","coordinates":[110.2535,-7.647983]},"properties":{"dataset":"umkm","name":"UMKM","subtitle":"Rumah Produksi","padukuhan":"Beji","address":"Padukuhan Beji, RT 33 RW 16","facets":["Rumah Produksi"],"details":[{"label":"Pemilik","value":"Wakhidin"},{"label":"Produk","value":"Bubur ayam, cireng isi ayam, cilok"},{"label":"Keterangan","value":"Pembuatan bubur ayam, cireng isi ayam, cilok"}],"phone":"08886991039","photos":["/photos/umkm/884296311-depan.webp","/photos/umkm/884296311-samping.webp","/photos/umkm/884296311-lainnya.webp"],"gpsPrecision":4.376}},{"type":"Feature","id":"884296354","geometry":{"type":"Point","coordinates":[110.252084,-7.644769]},"properties":{"dataset":"umkm","name":"Yayan Salon","subtitle":"Jasa","padukuhan":"Beji","address":"Padukuhan Beji, RT 35 RW 17","facets":["Jasa"],"details":[{"label":"Pemilik","value":"Rini Astuti"},{"label":"Keterangan","value":"Salon"}],"phone":"083821902166","photos":["/photos/umkm/884296354-depan.webp","/photos/umkm/884296354-samping.webp","/photos/umkm/884296354-lainnya.webp"],"gpsPrecision":4.588}},{"type":"Feature","id":"884793302","geometry":{"type":"Point","coordinates":[110.258756,-7.65341]},"properties":{"dataset":"umkm","name":"Barbershop","subtitle":"Barbershop","padukuhan":"Pranan","address":"Padukuhan Pranan, RT 20 RW 10","facets":["Lainnya"],"details":[{"label":"Pemilik","value":"Sulistiyo"},{"label":"Keterangan","value":"Potong rambut"}],"phone":"081513178578","photos":["/photos/umkm/884793302-depan.webp","/photos/umkm/884793302-samping.webp"],"gpsPrecision":11.666}},{"type":"Feature","id":"884793354","geometry":{"type":"Point","coordinates":[110.258841,-7.653943]},"properties":{"dataset":"umkm","name":"Slondok mini","subtitle":"Rumah Produksi","padukuhan":"Pranan","address":"Padukuhan Pranan, RT 20 RW 10","facets":["Rumah Produksi"],"details":[{"label":"Pemilik","value":"Suyatim"},{"label":"Produk","value":"Slondok"}],"phone":"085773186068","photos":["/photos/umkm/884793354-depan.webp","/photos/umkm/884793354-samping.webp","/photos/umkm/884793354-lainnya.webp"],"gpsPrecision":10.7}},{"type":"Feature","id":"884793416","geometry":{"type":"Point","coordinates":[110.260054,-7.653059]},"properties":{"dataset":"umkm","name":"Pandex durian rizki","subtitle":"Pengepul / Penjual Hasil Kebun","padukuhan":"Pranan","address":"Padukuhan Pranan, RT 20 RW 10","facets":["Pengepul / Penjual Hasil Kebun"],"details":[{"label":"Pemilik","value":"Alfandi"},{"label":"Komoditas","value":"Durian"}],"phone":"081804301137","photos":["/photos/umkm/884793416-depan.webp","/photos/umkm/884793416-samping.webp"],"gpsPrecision":11.966}},{"type":"Feature","id":"884793428","geometry":{"type":"Point","coordinates":[110.259947,-7.652866]},"properties":{"dataset":"umkm","name":"Slondok Mak Sum","subtitle":"Rumah Produksi","padukuhan":"Pranan","address":"Padukuhan Pranan, RT 20 RW 10","facets":["Rumah Produksi"],"details":[{"label":"Pemilik","value":"Sumiyartini"},{"label":"Produk","value":"Slondok"},{"label":"Keterangan","value":"Slondok bawang"}],"phone":null,"photos":["/photos/umkm/884793428-depan.webp","/photos/umkm/884793428-samping.webp"],"gpsPrecision":13.883}},{"type":"Feature","id":"884793434","geometry":{"type":"Point","coordinates":[110.260074,-7.653053]},"properties":{"dataset":"umkm","name":"MM","subtitle":"Grosir perabot","padukuhan":"Pranan","address":"Padukuhan Pranan, RT 20 RW 10","facets":["Lainnya"],"details":[{"label":"Pemilik","value":"Muhdaryanto"}],"phone":null,"photos":["/photos/umkm/884793434-depan.webp","/photos/umkm/884793434-samping.webp"],"gpsPrecision":12.933}},{"type":"Feature","id":"885295940","geometry":{"type":"Point","coordinates":[110.252281,-7.643643]},"properties":{"dataset":"umkm","name":"Watono Rempah dan Menoreh Furniture","subtitle":"Pengepul / Penjual Hasil Kebun","padukuhan":"Beji","address":"Padukuhan Beji, RT 35 RW 17","facets":["Pengepul / Penjual Hasil Kebun"],"details":[{"label":"Pemilik","value":"Watono"},{"label":"Produk","value":"Hasil bumi dan furniture"},{"label":"Keterangan","value":"Pengepul hasil bumi (cengkeh miri dll ) dan furniture"}],"phone":"08170408520","photos":["/photos/umkm/885295940-depan.webp","/photos/umkm/885295940-samping.webp","/photos/umkm/885295940-lainnya.webp"],"gpsPrecision":4.575}},{"type":"Feature","id":"885295943","geometry":{"type":"Point","coordinates":[110.252102,-7.64699]},"properties":{"dataset":"umkm","name":"Aneka gorengan","subtitle":"Kuliner","padukuhan":"Beji","address":"Padukuhan Beji, RT 33 RW 16","facets":["Kuliner"],"details":[{"label":"Pemilik","value":"Siti Munawaroh"},{"label":"Keterangan","value":"Membuat aneka gorengan seperti lentis , cotot ,getuk, tempe goreng, tahu goreng"}],"phone":"088233040108","photos":["/photos/umkm/885295943-depan.webp","/photos/umkm/885295943-samping.webp"],"gpsPrecision":4.44}},{"type":"Feature","id":"885295946","geometry":{"type":"Point","coordinates":[110.252141,-7.644562]},"properties":{"dataset":"umkm","name":"Warung Mbak Yanti","subtitle":"Toko Kelontong","padukuhan":"Beji","address":"Padukuhan Beji, RT 35 RW 17","facets":["Toko Kelontong"],"details":[{"label":"Pemilik","value":"Mbak Yanti"},{"label":"Keterangan","value":"Jualan sembako"}],"phone":"0882005478443","photos":["/photos/umkm/885295946-depan.webp","/photos/umkm/885295946-samping.webp"],"gpsPrecision":4.802}},{"type":"Feature","id":"885477675","geometry":{"type":"Point","coordinates":[110.256083,-7.652537]},"properties":{"dataset":"umkm","name":"Kios beras Murah","subtitle":"Kios Beras","padukuhan":"Potronalan","address":"Padukuhan Potronalan, RT 27 RW 13","facets":["Lainnya"],"details":[{"label":"Pemilik","value":"Ali maksum"},{"label":"Keterangan","value":"kios jual beras"}],"phone":"085785975964","photos":["/photos/umkm/885477675-depan.webp","/photos/umkm/885477675-samping.webp"],"gpsPrecision":4.1}},{"type":"Feature","id":"885477680","geometry":{"type":"Point","coordinates":[110.256025,-7.652018]},"properties":{"dataset":"umkm","name":"Pecel Lele Sasarie","subtitle":"Kuliner","padukuhan":"Potronalan","address":"Padukuhan Potronalan, RT 24 RW 13","facets":["Kuliner"],"details":[{"label":"Pemilik","value":"Sasarie"},{"label":"Keterangan","value":"Kuliner berbagai macam lauk lele, ayam dll, buka sore sampai malam"}],"phone":"083107930586","photos":["/photos/umkm/885477680-depan.webp","/photos/umkm/885477680-samping.webp"],"gpsPrecision":4.7}},{"type":"Feature","id":"885755240","geometry":{"type":"Point","coordinates":[110.247661,-7.662098]},"properties":{"dataset":"umkm","name":"Telur asin Bu Armina semawung RT 71","subtitle":"Telur asin","padukuhan":"Semawung","address":"Padukuhan Semawung, RT 71 RW 34","facets":["Lainnya"],"details":[{"label":"Pemilik","value":"Hermanto"},{"label":"Keterangan","value":"Telur asin"}],"phone":null,"photos":["/photos/umkm/885755240-depan.webp","/photos/umkm/885755240-samping.webp"],"gpsPrecision":2.733}},{"type":"Feature","id":"885755565","geometry":{"type":"Point","coordinates":[110.24009,-7.664823]},"properties":{"dataset":"umkm","name":"Pijat mba iningsih","subtitle":"Jasa","padukuhan":"Semawung","address":"Padukuhan Semawung, RT 72 RW 35","facets":["Jasa"],"details":[{"label":"Pemilik","value":"Iningsih"}],"phone":"085292596978","photos":["/photos/umkm/885755565-depan.webp","/photos/umkm/885755565-samping.webp"],"gpsPrecision":3.85}},{"type":"Feature","id":"886532619","geometry":{"type":"Point","coordinates":[110.2589,-7.671911]},"properties":{"dataset":"umkm","name":"Pedagang sayuran keliling pardilah","subtitle":"Pedagang keliling","padukuhan":"Banjaran","address":"Padukuhan Banjaran, RT 11 RW 6","facets":["Lainnya"],"details":[{"label":"Pemilik","value":"Supardillah"}],"phone":null,"photos":["/photos/umkm/886532619-depan.webp","/photos/umkm/886532619-samping.webp"],"gpsPrecision":4.781}},{"type":"Feature","id":"886574346","geometry":{"type":"Point","coordinates":[110.252408,-7.644417]},"properties":{"dataset":"umkm","name":"Sembako","subtitle":"Toko Kelontong","padukuhan":"Beji","address":"Padukuhan Beji, RT 35 RW 17","facets":["Toko Kelontong"],"details":[{"label":"Pemilik","value":"Titik Nurjanah"},{"label":"Keterangan","value":"Sembako dll"}],"phone":"083851917201","photos":["/photos/umkm/886574346-depan.webp","/photos/umkm/886574346-samping.webp"],"gpsPrecision":4.102}},{"type":"Feature","id":"886574358","geometry":{"type":"Point","coordinates":[110.252293,-7.644351]},"properties":{"dataset":"umkm","name":"Warung pakan Mbak Qod","subtitle":"Warung pakan","padukuhan":"Beji","address":"Padukuhan Beji, RT 35 RW 17","facets":["Lainnya"],"details":[{"label":"Pemilik","value":"Siti Qodriyah"},{"label":"Keterangan","value":"Jual pakan ternak"}],"phone":"083806676005","photos":["/photos/umkm/886574358-depan.webp","/photos/umkm/886574358-samping.webp"],"gpsPrecision":4.741}},{"type":"Feature","id":"886574417","geometry":{"type":"Point","coordinates":[110.254031,-7.649051]},"properties":{"dataset":"umkm","name":"Nasi rames","subtitle":"Kuliner","padukuhan":"Beji","address":"Padukuhan Beji, RT 32 RW 16","facets":["Kuliner"],"details":[{"label":"Pemilik","value":"Nazil"},{"label":"Keterangan","value":"Nasi rames dan aneka sayuran di jual di Pasar Jagalan"}],"phone":"083154897262","photos":["/photos/umkm/886574417-depan.webp","/photos/umkm/886574417-samping.webp"],"gpsPrecision":2.666}},{"type":"Feature","id":"886574428","geometry":{"type":"Point","coordinates":[110.2537,-7.64881]},"properties":{"dataset":"umkm","name":"UMKM","subtitle":"Kuliner","padukuhan":"Beji","address":"Padukuhan Beji, RT 32 RW 16","facets":["Kuliner"],"details":[{"label":"Pemilik","value":"Suyati"},{"label":"Keterangan","value":"Bubur , jenang brendul dan jenang sagu"}],"phone":"088983735005","photos":["/photos/umkm/886574428-depan.webp","/photos/umkm/886574428-samping.webp"],"gpsPrecision":3.5}},{"type":"Feature","id":"886574438","geometry":{"type":"Point","coordinates":[110.251552,-7.647208]},"properties":{"dataset":"umkm","name":"Produksi gula jawa","subtitle":"Rumah Produksi","padukuhan":"Beji","address":"Padukuhan Beji, RT 33 RW 16","facets":["Rumah Produksi"],"details":[{"label":"Pemilik","value":"Rom"},{"label":"Produk","value":"Gula Jawa"},{"label":"Keterangan","value":"Produksi gula jawa"}],"phone":"0882008333258","photos":["/photos/umkm/886574438-depan.webp","/photos/umkm/886574438-samping.webp"],"gpsPrecision":4.801}},{"type":"Feature","id":"886574496","geometry":{"type":"Point","coordinates":[110.253755,-7.648704]},"properties":{"dataset":"umkm","name":"Produksi gula jawa","subtitle":"Rumah Produksi","padukuhan":"Beji","address":"Padukuhan Beji, RT 32 RW 16","facets":["Rumah Produksi"],"details":[{"label":"Pemilik","value":"Yasir"},{"label":"Produk","value":"Gula Jawa"},{"label":"Keterangan","value":"Produksi gula jawa"}],"phone":"083837792634","photos":["/photos/umkm/886574496-depan.webp","/photos/umkm/886574496-samping.webp","/photos/umkm/886574496-lainnya.webp"],"gpsPrecision":4.842}},{"type":"Feature","id":"886593821","geometry":{"type":"Point","coordinates":[110.228136,-7.652528]},"properties":{"dataset":"umkm","name":"Gula jawa bu marsiah","subtitle":"Rumah Produksi","padukuhan":"Plengan","address":"Padukuhan Plengan, RT 47 RW 22","facets":["Rumah Produksi"],"details":[{"label":"Pemilik","value":"Marsiah"},{"label":"Produk","value":"Gula Jawa"}],"phone":null,"photos":["/photos/umkm/886593821-depan.webp","/photos/umkm/886593821-samping.webp"],"gpsPrecision":4.703}},{"type":"Feature","id":"886593866","geometry":{"type":"Point","coordinates":[110.227888,-7.652555]},"properties":{"dataset":"umkm","name":"Gula jawa mbah wakini","subtitle":"Rumah Produksi","padukuhan":"Plengan","address":"Padukuhan Plengan, RT 47 RW 23","facets":["Rumah Produksi"],"details":[{"label":"Pemilik","value":"Wakini"},{"label":"Produk","value":"Gula Jawa"}],"phone":null,"photos":["/photos/umkm/886593866-depan.webp","/photos/umkm/886593866-samping.webp"],"gpsPrecision":7.083}},{"type":"Feature","id":"886891206","geometry":{"type":"Point","coordinates":[110.253928,-7.648235]},"properties":{"dataset":"umkm","name":"UMKM","subtitle":"Pengepul / Penjual Hasil Kebun","padukuhan":"Beji","address":"Padukuhan Beji, RT 33 RW 16","facets":["Pengepul / Penjual Hasil Kebun"],"details":[{"label":"Pemilik","value":"Slamet"},{"label":"Produk","value":"Pisang dan kelapa"},{"label":"Keterangan","value":"Pengepul pisang dan kelapa"}],"phone":"085725959396","photos":["/photos/umkm/886891206-depan.webp","/photos/umkm/886891206-samping.webp","/photos/umkm/886891206-lainnya.webp"],"gpsPrecision":3.75}},{"type":"Feature","id":"887622697","geometry":{"type":"Point","coordinates":[110.260072,-7.659521]},"properties":{"dataset":"umkm","name":"Anak Lanang Trans","subtitle":"Jasa","padukuhan":"Slanden","address":"Padukuhan Slanden, RT 16 RW 8","facets":["Jasa"],"details":[{"label":"Pemilik","value":"Andika Alif Fajar Solikin"},{"label":"Keterangan","value":"Transportasi dalam dan luar kota\nMenerima pesanan material bangunan\nJasa angkutan barang"}],"phone":"087788461704","photos":["/photos/umkm/887622697-depan.webp","/photos/umkm/887622697-samping.webp"],"gpsPrecision":4.815}},{"type":"Feature","id":"887623076","geometry":{"type":"Point","coordinates":[110.257609,-7.658652]},"properties":{"dataset":"umkm","name":"Warung Makan Mbah Juri","subtitle":"Kuliner","padukuhan":"Slanden","address":"Padukuhan Slanden, RT 17 RW 8","facets":["Kuliner"],"details":[{"label":"Pemilik","value":"Ngadinan"},{"label":"Keterangan","value":"Jual nasi rames"}],"phone":null,"photos":["/photos/umkm/887623076-depan.webp","/photos/umkm/887623076-samping.webp"],"gpsPrecision":4.401}},{"type":"Feature","id":"887623098","geometry":{"type":"Point","coordinates":[110.257582,-7.658501]},"properties":{"dataset":"umkm","name":"Slondok Mbah Juri","subtitle":"Rumah Produksi","padukuhan":"Slanden","address":"Padukuhan Slanden, RT 17 RW 8","facets":["Rumah Produksi"],"details":[{"label":"Pemilik","value":"Ngadinah"},{"label":"Produk","value":"Slondok"}],"phone":null,"photos":["/photos/umkm/887623098-depan.webp","/photos/umkm/887623098-samping.webp"],"gpsPrecision":4.6}},{"type":"Feature","id":"888439094","geometry":{"type":"Point","coordinates":[110.238373,-7.663187]},"properties":{"dataset":"umkm","name":"Jual sayur","subtitle":"Tukang sayur /eyek","padukuhan":"Semawung","address":"Padukuhan Semawung, RT 72 RW 35","facets":["Lainnya"],"details":[{"label":"Pemilik","value":"Febriyanto"},{"label":"Keterangan","value":"Penjual sayur keliling"}],"phone":"082135301039","photos":["/photos/umkm/888439094-depan.webp","/photos/umkm/888439094-samping.webp"],"gpsPrecision":4.866}}]}